{
  "results": [
    {
      "command": "form",
      "mean": 571.78714371768,
      "stddev": 2.182223412018932,
      "median": 571.85388346368,
      "user": 569.0092919399999,
      "system": 0.33761058999999993,
      "min": 569.25929780268,
      "max": 574.18151014068,
      "times": [
        570.81600265768,
        572.8917642696799,
        574.18151014068,
        569.25929780268
      ],
      "memory_usage_byte": [
        3689054208,
        3689054208,
        3689058304,
        3689058304
      ],
      "exit_codes": [
        0,
        0,
        0,
        0
      ],
      "parameters": {
        "form": "form"
      }
    },
    {
      "command": "tform -w1",
      "mean": 584.5913821499299,
      "stddev": 2.425191030636183,
      "median": 584.34529901568,
      "user": 591.7330604399999,
      "system": 0.82243659,
      "min": 582.11685960568,
      "max": 587.55807096268,
      "times": [
        587.55807096268,
        585.48526314968,
        582.11685960568,
        583.20533488168
      ],
      "memory_usage_byte": [
        4350492672,
        4350492672,
        4350492672,
        4350492672
      ],
      "exit_codes": [
        0,
        0,
        0,
        0
      ],
      "parameters": {
        "form": "tform -w1"
      }
    },
    {
      "command": "tform -w2",
      "mean": 313.42487277317997,
      "stddev": 1.6955244849629885,
      "median": 313.13712205667997,
      "user": 596.4190449399999,
      "system": 0.9998263399999999,
      "min": 311.68089035967995,
      "max": 315.74435661968,
      "times": [
        313.27373998167997,
        311.68089035967995,
        313.00050413168,
        315.74435661968
      ],
      "memory_usage_byte": [
        4769550336,
        4784779264,
        4784779264,
        4799959040
      ],
      "exit_codes": [
        0,
        0,
        0,
        0
      ],
      "parameters": {
        "form": "tform -w2"
      }
    },
    {
      "command": "tform -w4",
      "mean": 183.56343139418,
      "stddev": 0.636684046313612,
      "median": 183.67102940418,
      "user": 617.7337251899999,
      "system": 1.6189538399999999,
      "min": 182.80974318168,
      "max": 184.10192358668002,
      "times": [
        182.80974318168,
        183.26180739968,
        184.10192358668002,
        184.08025140868
      ],
      "memory_usage_byte": [
        6097244160,
        6097244160,
        6107590656,
        6153617408
      ],
      "exit_codes": [
        0,
        0,
        0,
        0
      ],
      "parameters": {
        "form": "tform -w4"
      }
    },
    {
      "command": "tform -w8",
      "mean": 115.06079419443,
      "stddev": 2.263793642406851,
      "median": 114.45224678918001,
      "user": 640.4954149399998,
      "system": 1.81667009,
      "min": 113.07006027368,
      "max": 118.26862292568,
      "times": [
        114.88838803068,
        114.01610554768,
        118.26862292568,
        113.07006027368
      ],
      "memory_usage_byte": [
        7302275072,
        7383609344,
        7385829376,
        7385829376
      ],
      "exit_codes": [
        0,
        0,
        0,
        0
      ],
      "parameters": {
        "form": "tform -w8"
      }
    },
    {
      "command": "tform -w16",
      "mean": 81.58749412593,
      "stddev": 1.6138990939961837,
      "median": 80.93067940668,
      "user": 676.3553584399999,
      "system": 2.14254884,
      "min": 80.49984023168,
      "max": 83.98877745868,
      "times": [
        80.96267212568,
        80.89868668768,
        83.98877745868,
        80.49984023168
      ],
      "memory_usage_byte": [
        8118882304,
        8118882304,
        8118882304,
        8118882304
      ],
      "exit_codes": [
        0,
        0,
        0,
        0
      ],
      "parameters": {
        "form": "tform -w16"
      }
    },
    {
      "command": "tform -w24",
      "mean": 68.48260682368,
      "stddev": 1.2153519178948395,
      "median": 68.40034016818001,
      "user": 726.8452649399999,
      "system": 2.93469859,
      "min": 67.36721959268,
      "max": 69.76252736568,
      "times": [
        67.36721959268,
        69.27653078068,
        67.52414955568,
        69.76252736568
      ],
      "memory_usage_byte": [
        8409739264,
        8409739264,
        8409739264,
        8409739264
      ],
      "exit_codes": [
        0,
        0,
        0,
        0
      ],
      "parameters": {
        "form": "tform -w24"
      }
    },
    {
      "command": "tform -w32",
      "mean": 65.32244926268001,
      "stddev": 1.2353423706483369,
      "median": 65.23294911468,
      "user": 762.74389619,
      "system": 3.84812434,
      "min": 64.03032862268,
      "max": 66.79357019868,
      "times": [
        65.83644692268,
        64.62945130668001,
        66.79357019868,
        64.03032862268
      ],
      "memory_usage_byte": [
        8536928256,
        8566992896,
        8582131712,
        8582131712
      ],
      "exit_codes": [
        0,
        0,
        0,
        0
      ],
      "parameters": {
        "form": "tform -w32"
      }
    },
    {
      "command": "tform -w48",
      "mean": 58.23170809218,
      "stddev": 1.4065257567175067,
      "median": 58.22349100468,
      "user": 803.2909794399998,
      "system": 5.13482384,
      "min": 56.521748392679996,
      "max": 59.95810196668,
      "times": [
        58.346801766679995,
        56.521748392679996,
        59.95810196668,
        58.10018024268
      ],
      "memory_usage_byte": [
        8794984448,
        8794984448,
        8805662720,
        8805662720
      ],
      "exit_codes": [
        0,
        0,
        0,
        0
      ],
      "parameters": {
        "form": "tform -w48"
      }
    },
    {
      "command": "tform -w64",
      "mean": 59.80811168292999,
      "stddev": 1.4515927883869357,
      "median": 59.82571003267999,
      "user": 876.4591319399999,
      "system": 6.6623813400000005,
      "min": 58.13369308068,
      "max": 61.44733358568,
      "times": [
        58.13369308068,
        60.469922483679994,
        61.44733358568,
        59.18149758168
      ],
      "memory_usage_byte": [
        9019883520,
        9019883520,
        9019883520,
        9019883520
      ],
      "exit_codes": [
        0,
        0,
        0,
        0
      ],
      "parameters": {
        "form": "tform -w64"
      }
    }
  ]
}
