{
  "results": [
    {
      "command": "form",
      "mean": 720.59019237971,
      "stddev": 12.452448237810612,
      "median": 716.68260358146,
      "user": 717.64572801,
      "system": 0.17826904,
      "min": 711.20808958946,
      "max": 737.7874727664599,
      "times": [
        737.7874727664599,
        711.20808958946,
        711.6387164174599,
        721.72649074546
      ],
      "memory_usage_byte": [
        998494208,
        998494208,
        998494208,
        998494208
      ],
      "exit_codes": [
        0,
        0,
        0,
        0
      ],
      "parameters": {
        "form": "form"
      }
    },
    {
      "command": "tform -w1",
      "mean": 752.10244327946,
      "stddev": 1.232200761229604,
      "median": 752.5742962839599,
      "user": 749.00256051,
      "system": 0.22270804,
      "min": 750.3073407844599,
      "max": 752.95383976546,
      "times": [
        752.95383976546,
        750.3073407844599,
        752.28934305246,
        752.85924951546
      ],
      "memory_usage_byte": [
        1879126016,
        1879519232,
        1879519232,
        1879519232
      ],
      "exit_codes": [
        0,
        0,
        0,
        0
      ],
      "parameters": {
        "form": "tform -w1"
      }
    },
    {
      "command": "tform -w2",
      "mean": 377.15981170846,
      "stddev": 2.150055392092885,
      "median": 376.98868806196,
      "user": 750.5637755099999,
      "system": 0.35950428999999995,
      "min": 374.93378112246,
      "max": 379.72808958746,
      "times": [
        378.05132264846,
        374.93378112246,
        375.92605347546,
        379.72808958746
      ],
      "memory_usage_byte": [
        2182279168,
        2183680000,
        2183680000,
        2183680000
      ],
      "exit_codes": [
        0,
        0,
        0,
        0
      ],
      "parameters": {
        "form": "tform -w2"
      }
    },
    {
      "command": "tform -w4",
      "mean": 191.48670739821,
      "stddev": 4.1545756977152415,
      "median": 189.60172209446,
      "user": 760.4751427600002,
      "system": 0.78063954,
      "min": 189.04314417146,
      "max": 197.70024123246,
      "times": [
        189.82098739146002,
        189.04314417146,
        197.70024123246,
        189.38245679746
      ],
      "memory_usage_byte": [
        2794266624,
        2807803904,
        2807803904,
        2807803904
      ],
      "exit_codes": [
        0,
        0,
        0,
        0
      ],
      "parameters": {
        "form": "tform -w4"
      }
    },
    {
      "command": "tform -w8",
      "mean": 95.08753072120999,
      "stddev": 0.25686956718451703,
      "median": 95.02813434446,
      "user": 755.61059226,
      "system": 0.88319654,
      "min": 94.87891791045999,
      "max": 95.41493628546,
      "times": [
        95.41493628546,
        94.87891791045999,
        94.88640157446,
        95.16986711445999
      ],
      "memory_usage_byte": [
        3960455168,
        3960705024,
        3960705024,
        3960705024
      ],
      "exit_codes": [
        0,
        0,
        0,
        0
      ],
      "parameters": {
        "form": "tform -w8"
      }
    },
    {
      "command": "tform -w16",
      "mean": 49.28322917071001,
      "stddev": 0.17037050460005349,
      "median": 49.248842108960005,
      "user": 780.47570301,
      "system": 1.4193425400000002,
      "min": 49.132318274460005,
      "max": 49.502914190460004,
      "times": [
        49.331539690460005,
        49.502914190460004,
        49.166144527460006,
        49.132318274460005
      ],
      "memory_usage_byte": [
        4663672832,
        4663672832,
        4674998272,
        4678930432
      ],
      "exit_codes": [
        0,
        0,
        0,
        0
      ],
      "parameters": {
        "form": "tform -w16"
      }
    },
    {
      "command": "tform -w24",
      "mean": 34.80511218771,
      "stddev": 0.055457611753820954,
      "median": 34.82121791446001,
      "user": 824.6767995099999,
      "system": 1.65312779,
      "min": 34.72890695446,
      "max": 34.849105967460005,
      "times": [
        34.84318562946,
        34.849105967460005,
        34.799250199460005,
        34.72890695446
      ],
      "memory_usage_byte": [
        5124149248,
        5154750464,
        5154750464,
        5154750464
      ],
      "exit_codes": [
        0,
        0,
        0,
        0
      ],
      "parameters": {
        "form": "tform -w24"
      }
    },
    {
      "command": "tform -w32",
      "mean": 26.41992219146,
      "stddev": 0.11304786422089866,
      "median": 26.42577201646,
      "user": 831.01710226,
      "system": 1.9922065400000002,
      "min": 26.29584423946,
      "max": 26.53230049346,
      "times": [
        26.29584423946,
        26.53230049346,
        26.49734993546,
        26.35419409746
      ],
      "memory_usage_byte": [
        5548556288,
        5548556288,
        5548556288,
        5548556288
      ],
      "exit_codes": [
        0,
        0,
        0,
        0
      ],
      "parameters": {
        "form": "tform -w32"
      }
    },
    {
      "command": "tform -w48",
      "mean": 18.00742196596,
      "stddev": 0.06866723967692001,
      "median": 18.01074384346,
      "user": 840.25025401,
      "system": 2.63027454,
      "min": 17.93034366446,
      "max": 18.07785651246,
      "times": [
        18.07785651246,
        18.05087743146,
        17.97061025546,
        17.93034366446
      ],
      "memory_usage_byte": [
        6423597056,
        6448762880,
        6448762880,
        6448762880
      ],
      "exit_codes": [
        0,
        0,
        0,
        0
      ],
      "parameters": {
        "form": "tform -w48"
      }
    },
    {
      "command": "tform -w64",
      "mean": 13.73416344896,
      "stddev": 0.1260526867889178,
      "median": 13.742475170959999,
      "user": 846.87522051,
      "system": 2.95058804,
      "min": 13.57330431846,
      "max": 13.87839913546,
      "times": [
        13.57330431846,
        13.72185870946,
        13.76309163246,
        13.87839913546
      ],
      "memory_usage_byte": [
        6854688768,
        6894657536,
        6895915008,
        6895915008
      ],
      "exit_codes": [
        0,
        0,
        0,
        0
      ],
      "parameters": {
        "form": "tform -w64"
      }
    }
  ]
}
