{
  "results": [
    {
      "command": "form",
      "mean": 658.83016410666,
      "stddev": 1.5508430994484157,
      "median": 658.23938653316,
      "user": 655.83597892,
      "system": 0.31485494,
      "min": 657.71843565366,
      "max": 661.1234477066599,
      "times": [
        661.1234477066599,
        658.1339900166599,
        658.34478304966,
        657.71843565366
      ],
      "memory_usage_byte": [
        4055891968,
        4058054656,
        4058054656,
        4058054656
      ],
      "exit_codes": [
        0,
        0,
        0,
        0
      ],
      "parameters": {
        "form": "form"
      }
    },
    {
      "command": "tform -w1",
      "mean": 678.7345092016599,
      "stddev": 2.8511790735865845,
      "median": 677.8335501761599,
      "user": 678.79771517,
      "system": 1.60087519,
      "min": 676.38666314866,
      "max": 682.8842733056599,
      "times": [
        677.7084726196599,
        677.9586277326599,
        682.8842733056599,
        676.38666314866
      ],
      "memory_usage_byte": [
        5544497152,
        5544497152,
        5544497152,
        5544497152
      ],
      "exit_codes": [
        0,
        0,
        0,
        0
      ],
      "parameters": {
        "form": "tform -w1"
      }
    },
    {
      "command": "tform -w2",
      "mean": 347.57134096440996,
      "stddev": 1.4724937884174008,
      "median": 347.15471426316,
      "user": 679.3641459199999,
      "system": 1.68058669,
      "min": 346.30262498265995,
      "max": 349.67331034866,
      "times": [
        347.40931465565995,
        346.30262498265995,
        349.67331034866,
        346.90011387066
      ],
      "memory_usage_byte": [
        5697789952,
        5710249984,
        5710249984,
        5710249984
      ],
      "exit_codes": [
        0,
        0,
        0,
        0
      ],
      "parameters": {
        "form": "tform -w2"
      }
    },
    {
      "command": "tform -w4",
      "mean": 186.57284309865997,
      "stddev": 0.764166090414838,
      "median": 186.55676781966002,
      "user": 690.58604942,
      "system": 2.44121669,
      "min": 185.65341589366,
      "max": 187.52442086166,
      "times": [
        186.57235607966,
        187.52442086166,
        186.54117955966,
        185.65341589366
      ],
      "memory_usage_byte": [
        7729557504,
        7729557504,
        7734788096,
        7734788096
      ],
      "exit_codes": [
        0,
        0,
        0,
        0
      ],
      "parameters": {
        "form": "tform -w4"
      }
    },
    {
      "command": "tform -w8",
      "mean": 107.57885556866,
      "stddev": 0.7184424524350569,
      "median": 107.62715712266001,
      "user": 713.0649146699999,
      "system": 10.98697994,
      "min": 106.68587498466,
      "max": 108.37523304466,
      "times": [
        107.39032259766,
        108.37523304466,
        107.86399164766,
        106.68587498466
      ],
      "memory_usage_byte": [
        8867950592,
        8905875456,
        8905875456,
        8905875456
      ],
      "exit_codes": [
        0,
        0,
        0,
        0
      ],
      "parameters": {
        "form": "tform -w8"
      }
    },
    {
      "command": "tform -w16",
      "mean": 72.43271403191,
      "stddev": 0.6336643201878153,
      "median": 72.61371629066,
      "user": 756.30654492,
      "system": 62.26049544,
      "min": 71.51990953666,
      "max": 72.98351400966,
      "times": [
        71.51990953666,
        72.98351400966,
        72.57853735766,
        72.64889522366
      ],
      "memory_usage_byte": [
        9428709376,
        9446256640,
        9446256640,
        9446256640
      ],
      "exit_codes": [
        0,
        0,
        0,
        0
      ],
      "parameters": {
        "form": "tform -w16"
      }
    },
    {
      "command": "tform -w24",
      "mean": 64.52390094441,
      "stddev": 1.2382887338400996,
      "median": 64.28279062365999,
      "user": 822.3862481699999,
      "system": 186.08553168999998,
      "min": 63.36135181266,
      "max": 66.16867071766,
      "times": [
        64.74486231766,
        63.36135181266,
        66.16867071766,
        63.82071892966
      ],
      "memory_usage_byte": [
        9928044544,
        9930293248,
        9930293248,
        9931272192
      ],
      "exit_codes": [
        0,
        0,
        0,
        0
      ],
      "parameters": {
        "form": "tform -w24"
      }
    },
    {
      "command": "tform -w32",
      "mean": 57.70295421716,
      "stddev": 0.33183310426231866,
      "median": 57.78738075666,
      "user": 811.8267341699998,
      "system": 296.30251919,
      "min": 57.23064271866,
      "max": 58.00641263666,
      "times": [
        58.00641263666,
        57.76594734666,
        57.23064271866,
        57.80881416666
      ],
      "memory_usage_byte": [
        10333102080,
        10333102080,
        10338930688,
        10363809792
      ],
      "exit_codes": [
        0,
        0,
        0,
        0
      ],
      "parameters": {
        "form": "tform -w32"
      }
    },
    {
      "command": "tform -w48",
      "mean": 51.555071511410006,
      "stddev": 0.5894873118035935,
      "median": 51.585715067660004,
      "user": 822.56910667,
      "system": 516.48894894,
      "min": 50.98272039766,
      "max": 52.06613551266,
      "times": [
        51.110406953660004,
        52.06613551266,
        50.98272039766,
        52.06102318166
      ],
      "memory_usage_byte": [
        10974543872,
        11046248448,
        11046248448,
        11046248448
      ],
      "exit_codes": [
        0,
        0,
        0,
        0
      ],
      "parameters": {
        "form": "tform -w48"
      }
    },
    {
      "command": "tform -w64",
      "mean": 49.42344841466,
      "stddev": 0.32467940186429417,
      "median": 49.427214943660005,
      "user": 837.6549439199999,
      "system": 741.45240444,
      "min": 49.08572197366,
      "max": 49.75364179766,
      "times": [
        49.21141996066,
        49.08572197366,
        49.64300992666,
        49.75364179766
      ],
      "memory_usage_byte": [
        11494080512,
        11593936896,
        11593936896,
        11593936896
      ],
      "exit_codes": [
        0,
        0,
        0,
        0
      ],
      "parameters": {
        "form": "tform -w64"
      }
    }
  ]
}
