{
  "results": [
    {
      "command": "form",
      "mean": 504.37758954534667,
      "stddev": 1.4755139415898981,
      "median": 504.49090783767997,
      "user": 502.0708687466667,
      "system": 0.08140344000000001,
      "min": 501.95792512367996,
      "max": 505.85970724068,
      "times": [
        501.95792512367996,
        504.58935157568,
        505.85921004768,
        505.85970724068,
        504.39246409967996,
        503.60687918468
      ],
      "memory_usage_byte": [
        998944768,
        998944768,
        998944768,
        998944768,
        1000599552,
        1000599552
      ],
      "exit_codes": [
        0,
        0,
        0,
        0,
        0,
        0
      ],
      "parameters": {
        "form": "form"
      }
    },
    {
      "command": "tform -w1",
      "mean": 525.7573035428467,
      "stddev": 1.544615834287776,
      "median": 525.5582710941801,
      "user": 526.4954139133333,
      "system": 0.7371977733333334,
      "min": 524.06982806068,
      "max": 527.7110822846801,
      "times": [
        524.06982806068,
        526.5141503966801,
        527.7110822846801,
        527.11721809868,
        524.60239179168,
        524.52915062468
      ],
      "memory_usage_byte": [
        1297965056,
        1297965056,
        1297965056,
        1299963904,
        1299963904,
        1299963904
      ],
      "exit_codes": [
        0,
        0,
        0,
        0,
        0,
        0
      ],
      "parameters": {
        "form": "tform -w1"
      }
    },
    {
      "command": "tform -w2",
      "mean": 280.53006217851333,
      "stddev": 0.7733104975411613,
      "median": 280.37217810818,
      "user": 526.37484308,
      "system": 0.6873451066666666,
      "min": 279.51263763867996,
      "max": 281.72849900968,
      "times": [
        279.51263763867996,
        281.72849900968,
        280.36018082967996,
        280.38417538668,
        280.11815944567996,
        281.07672076067996
      ],
      "memory_usage_byte": [
        1486307328,
        1491578880,
        1494355968,
        1494355968,
        1494355968,
        1494355968
      ],
      "exit_codes": [
        0,
        0,
        0,
        0,
        0,
        0
      ],
      "parameters": {
        "form": "tform -w2"
      }
    },
    {
      "command": "tform -w4",
      "mean": 160.32414263384666,
      "stddev": 1.4384478534837686,
      "median": 160.15294853818,
      "user": 532.8399807466667,
      "system": 0.9757221066666665,
      "min": 158.83775786468001,
      "max": 162.97554670368,
      "times": [
        162.97554670368,
        160.02779729868,
        159.33055719368,
        160.27809977768,
        160.49509696468,
        158.83775786468001
      ],
      "memory_usage_byte": [
        2081042432,
        2081042432,
        2097451008,
        2101526528,
        2101526528,
        2101526528
      ],
      "exit_codes": [
        0,
        0,
        0,
        0,
        0,
        0
      ],
      "parameters": {
        "form": "tform -w4"
      }
    },
    {
      "command": "tform -w8",
      "mean": 99.39246804734667,
      "stddev": 0.9367883350781366,
      "median": 99.31601697517999,
      "user": 547.5858344133334,
      "system": 2.3375059400000002,
      "min": 98.33542719368,
      "max": 100.63548267868,
      "times": [
        100.63548267868,
        98.33542719368,
        98.87190636768,
        98.56391735368,
        99.76012758268,
        100.18794710768
      ],
      "memory_usage_byte": [
        2814619648,
        2820558848,
        2843545600,
        2850623488,
        2850623488,
        2850623488
      ],
      "exit_codes": [
        0,
        0,
        0,
        0,
        0,
        0
      ],
      "parameters": {
        "form": "tform -w8"
      }
    },
    {
      "command": "tform -w16",
      "mean": 71.62373875834666,
      "stddev": 0.8655490131916598,
      "median": 71.47848685968,
      "user": 576.3151172466667,
      "system": 24.54567294,
      "min": 70.51973434268,
      "max": 72.69579583868,
      "times": [
        71.16378217468,
        70.51973434268,
        71.79319154468,
        71.04825486168001,
        72.52167378768,
        72.69579583868
      ],
      "memory_usage_byte": [
        3635384320,
        3660193792,
        3693891584,
        3693891584,
        3693891584,
        3694211072
      ],
      "exit_codes": [
        0,
        0,
        0,
        0,
        0,
        0
      ],
      "parameters": {
        "form": "tform -w16"
      }
    }
  ]
}
