{
  "results": [
    {
      "command": "form",
      "mean": 414.31560910449997,
      "stddev": 0.515532925990472,
      "median": 414.2988202875,
      "user": 412.1856416399999,
      "system": 0.19902863999999998,
      "min": 413.593077784,
      "max": 415.02560143100004,
      "times": [
        414.476129828,
        413.993539957,
        413.593077784,
        414.121510747,
        414.68379488,
        415.02560143100004
      ],
      "memory_usage_byte": [
        1973006336,
        1973006336,
        1973006336,
        1973149696,
        1973149696,
        1973149696
      ],
      "exit_codes": [
        0,
        0,
        0,
        0,
        0,
        0
      ],
      "parameters": {
        "form": "form"
      }
    },
    {
      "command": "tform -w1",
      "mean": 430.7889461385,
      "stddev": 3.2004631538449053,
      "median": 429.6418821895,
      "user": 432.15021264,
      "system": 0.8952169733333332,
      "min": 428.471887141,
      "max": 437.21852180900004,
      "times": [
        437.21852180900004,
        429.546749272,
        429.636651594,
        428.471887141,
        429.647112785,
        430.21275423000003
      ],
      "memory_usage_byte": [
        2862239744,
        2862239744,
        2862239744,
        2862239744,
        2862239744,
        2862239744
      ],
      "exit_codes": [
        0,
        0,
        0,
        0,
        0,
        0
      ],
      "parameters": {
        "form": "tform -w1"
      }
    },
    {
      "command": "tform -w2",
      "mean": 225.1734147691666,
      "stddev": 0.6304841670671114,
      "median": 225.36076861799998,
      "user": 430.10827530666666,
      "system": 0.8684248066666665,
      "min": 224.391158408,
      "max": 225.85405537699998,
      "times": [
        225.85405537699998,
        225.66147838499998,
        225.24989038799998,
        224.41225920899998,
        225.47164684799998,
        224.391158408
      ],
      "memory_usage_byte": [
        2878939136,
        2878939136,
        2878939136,
        2892210176,
        2892210176,
        2892210176
      ],
      "exit_codes": [
        0,
        0,
        0,
        0,
        0,
        0
      ],
      "parameters": {
        "form": "tform -w2"
      }
    },
    {
      "command": "tform -w4",
      "mean": 126.92390520066665,
      "stddev": 0.7783208105654515,
      "median": 126.821980122,
      "user": 439.03249697333325,
      "system": 1.1678193066666667,
      "min": 125.942870938,
      "max": 128.295552494,
      "times": [
        126.764516493,
        127.095335143,
        128.295552494,
        125.942870938,
        126.879443751,
        126.565712385
      ],
      "memory_usage_byte": [
        3565330432,
        3579740160,
        3581558784,
        3581558784,
        3611754496,
        3611754496
      ],
      "exit_codes": [
        0,
        0,
        0,
        0,
        0,
        0
      ],
      "parameters": {
        "form": "tform -w4"
      }
    },
    {
      "command": "tform -w8",
      "mean": 75.9692489315,
      "stddev": 0.5924500035441731,
      "median": 76.0437964375,
      "user": 447.11135663999994,
      "system": 1.3330803066666663,
      "min": 75.078123543,
      "max": 76.823141935,
      "times": [
        76.201966345,
        75.889297483,
        76.198295392,
        75.078123543,
        76.823141935,
        75.624668891
      ],
      "memory_usage_byte": [
        3930513408,
        3930513408,
        3950530560,
        3950530560,
        3950530560,
        3950530560
      ],
      "exit_codes": [
        0,
        0,
        0,
        0,
        0,
        0
      ],
      "parameters": {
        "form": "tform -w8"
      }
    },
    {
      "command": "tform -w16",
      "mean": 52.98933313166666,
      "stddev": 0.8592063498716487,
      "median": 52.923821227000005,
      "user": 473.95481214,
      "system": 2.1037936399999997,
      "min": 51.91756885,
      "max": 54.373275557,
      "times": [
        52.665285589,
        53.182356865,
        54.373275557,
        52.414747169,
        51.91756885,
        53.38276476
      ],
      "memory_usage_byte": [
        4231626752,
        4236374016,
        4236374016,
        4236374016,
        4236374016,
        4236374016
      ],
      "exit_codes": [
        0,
        0,
        0,
        0,
        0,
        0
      ],
      "parameters": {
        "form": "tform -w16"
      }
    },
    {
      "command": "tform -w24",
      "mean": 44.41941349733333,
      "stddev": 0.926786995019738,
      "median": 44.749239693999996,
      "user": 501.43191464,
      "system": 3.2561993066666663,
      "min": 43.004885028000004,
      "max": 45.41145734,
      "times": [
        44.558852496,
        45.004903264,
        43.004885028000004,
        43.596755964,
        45.41145734,
        44.939626892
      ],
      "memory_usage_byte": [
        4599508992,
        4599508992,
        4599508992,
        4599508992,
        4599508992,
        4599508992
      ],
      "exit_codes": [
        0,
        0,
        0,
        0,
        0,
        0
      ],
      "parameters": {
        "form": "tform -w24"
      }
    },
    {
      "command": "tform -w32",
      "mean": 40.12524943216667,
      "stddev": 0.6549098205616368,
      "median": 39.959065042000006,
      "user": 514.18857814,
      "system": 4.948139806666666,
      "min": 39.490620150000005,
      "max": 41.387727061,
      "times": [
        39.821326999,
        39.490620150000005,
        41.387727061,
        39.947759163,
        39.970370921000004,
        40.133692299
      ],
      "memory_usage_byte": [
        4787347456,
        4787347456,
        4787548160,
        4788076544,
        4823191552,
        4823191552
      ],
      "exit_codes": [
        0,
        0,
        0,
        0,
        0,
        0
      ],
      "parameters": {
        "form": "tform -w32"
      }
    },
    {
      "command": "tform -w48",
      "mean": 35.2774597035,
      "stddev": 0.690001798611315,
      "median": 35.253220007,
      "user": 538.9634203066666,
      "system": 8.835480473333332,
      "min": 34.359379747,
      "max": 36.107932495,
      "times": [
        34.359379747,
        34.798823605,
        35.599489383000005,
        36.107932495,
        34.906950631,
        35.89218236
      ],
      "memory_usage_byte": [
        5310291968,
        5310291968,
        5310291968,
        5310291968,
        5310291968,
        5336285184
      ],
      "exit_codes": [
        0,
        0,
        0,
        0,
        0,
        0
      ],
      "parameters": {
        "form": "tform -w48"
      }
    },
    {
      "command": "tform -w64",
      "mean": 33.38017220383333,
      "stddev": 0.5607185709353244,
      "median": 33.389508886,
      "user": 571.2560679733332,
      "system": 12.963157806666665,
      "min": 32.436464051,
      "max": 34.151237729,
      "times": [
        34.151237729,
        33.263714086,
        33.385530936,
        33.393486836,
        33.650599585,
        32.436464051
      ],
      "memory_usage_byte": [
        5741608960,
        5748379648,
        5748379648,
        5748379648,
        5748379648,
        5748379648
      ],
      "exit_codes": [
        0,
        0,
        0,
        0,
        0,
        0
      ],
      "parameters": {
        "form": "tform -w64"
      }
    }
  ]
}
