{
  "results": [
    {
      "command": "form",
      "mean": 116.9373290779225,
      "stddev": 0.3463200408459209,
      "median": 116.87962760686,
      "user": 116.42293039249998,
      "system": 0.033952397499999995,
      "min": 116.56162195435999,
      "max": 117.96927519335999,
      "times": [
        117.05293427536,
        117.12901861835999,
        116.56162195435999,
        117.10054081036,
        116.93960859235999,
        116.59945748036,
        116.70732358036,
        117.96927519335999,
        116.72654028836,
        116.64937690536,
        116.66618972936,
        117.06915788735999,
        117.23450534636,
        116.81964662136,
        116.77760552136,
        116.99446244235999
      ],
      "memory_usage_byte": [
        362094592,
        362094592,
        363732992,
        364064768,
        364064768,
        364064768,
        364064768,
        364064768,
        364064768,
        364064768,
        364064768,
        364064768,
        364064768,
        364064768,
        364064768,
        364191744
      ],
      "exit_codes": [
        0,
        0,
        0,
        0,
        0,
        0,
        0,
        0,
        0,
        0,
        0,
        0,
        0,
        0,
        0,
        0
      ],
      "parameters": {
        "form": "form"
      }
    },
    {
      "command": "tform -w1",
      "mean": 121.7261056671725,
      "stddev": 0.2134333819587585,
      "median": 121.68897048785999,
      "user": 121.4955576425,
      "system": 0.3232380225,
      "min": 121.33354783736,
      "max": 122.19388115736,
      "times": [
        121.61707458536,
        121.91315055135999,
        121.67774638735999,
        121.70019458835999,
        122.19388115736,
        121.64636321236,
        121.57292854235999,
        122.01812790036,
        121.52490668336,
        121.75716416636,
        121.91670775736,
        121.79280243036,
        121.50371780236,
        121.64184751735999,
        121.33354783736,
        121.80752955535999
      ],
      "memory_usage_byte": [
        726736896,
        734015488,
        734015488,
        734015488,
        734015488,
        734015488,
        734015488,
        734015488,
        734015488,
        734015488,
        734015488,
        734015488,
        734015488,
        734015488,
        734015488,
        734015488
      ],
      "exit_codes": [
        0,
        0,
        0,
        0,
        0,
        0,
        0,
        0,
        0,
        0,
        0,
        0,
        0,
        0,
        0,
        0
      ],
      "parameters": {
        "form": "tform -w1"
      }
    },
    {
      "command": "tform -w2",
      "mean": 62.0964125135475,
      "stddev": 0.08832364319413544,
      "median": 62.09676648986,
      "user": 121.7886071425,
      "system": 0.45747602249999997,
      "min": 61.878028860360004,
      "max": 62.30544821736,
      "times": [
        62.30544821736,
        62.00833982036,
        62.14157573436,
        62.085481928360004,
        62.05011472136,
        62.14196308036,
        62.10677989036,
        62.07395173236,
        62.089945395360004,
        62.187079363360006,
        62.08012722936,
        61.878028860360004,
        62.10531915536,
        62.05932075436,
        62.10358758436,
        62.12553674936
      ],
      "memory_usage_byte": [
        811753472,
        813903872,
        813903872,
        818073600,
        818073600,
        818073600,
        818073600,
        818073600,
        818073600,
        818073600,
        818073600,
        818073600,
        818622464,
        818622464,
        818622464,
        819089408
      ],
      "exit_codes": [
        0,
        0,
        0,
        0,
        0,
        0,
        0,
        0,
        0,
        0,
        0,
        0,
        0,
        0,
        0,
        0
      ],
      "parameters": {
        "form": "tform -w2"
      }
    },
    {
      "command": "tform -w4",
      "mean": 33.553956138172495,
      "stddev": 0.07645200386541301,
      "median": 33.54394768636,
      "user": 123.19929064249999,
      "system": 0.7596546474999999,
      "min": 33.448083060360005,
      "max": 33.76203979636,
      "times": [
        33.488443062360005,
        33.508093713360005,
        33.67719761536,
        33.52860822836,
        33.54275259336,
        33.47059560536,
        33.56481680636,
        33.56600333736,
        33.76203979636,
        33.562088291360006,
        33.591875844360004,
        33.448083060360005,
        33.52979654436,
        33.545142779360006,
        33.56103759436,
        33.51672333836
      ],
      "memory_usage_byte": [
        1200861184,
        1206370304,
        1206370304,
        1208225792,
        1208225792,
        1212821504,
        1212821504,
        1212821504,
        1212821504,
        1223782400,
        1223782400,
        1223782400,
        1223782400,
        1223782400,
        1223782400,
        1223782400
      ],
      "exit_codes": [
        0,
        0,
        0,
        0,
        0,
        0,
        0,
        0,
        0,
        0,
        0,
        0,
        0,
        0,
        0,
        0
      ],
      "parameters": {
        "form": "tform -w4"
      }
    },
    {
      "command": "tform -w8",
      "mean": 19.4529528572975,
      "stddev": 0.19355358240343248,
      "median": 19.414175371859997,
      "user": 125.20513607999999,
      "system": 1.360709085,
      "min": 19.13855944536,
      "max": 19.79792242136,
      "times": [
        19.41207058236,
        19.41628016136,
        19.248217270359998,
        19.13855944536,
        19.77987065936,
        19.302719833359998,
        19.48036688336,
        19.586768410359998,
        19.39471642336,
        19.79792242136,
        19.517816710359998,
        19.59582503536,
        19.27453602036,
        19.67653752236,
        19.282651133359998,
        19.342387204359998
      ],
      "memory_usage_byte": [
        1686380544,
        1687416832,
        1687896064,
        1687896064,
        1687896064,
        1687896064,
        1687896064,
        1688154112,
        1699639296,
        1699639296,
        1699749888,
        1699749888,
        1699749888,
        1699749888,
        1699749888,
        1699749888
      ],
      "exit_codes": [
        0,
        0,
        0,
        0,
        0,
        0,
        0,
        0,
        0,
        0,
        0,
        0,
        0,
        0,
        0,
        0
      ],
      "parameters": {
        "form": "tform -w8"
      }
    },
    {
      "command": "tform -w16",
      "mean": 13.271422922860001,
      "stddev": 0.11168920966533454,
      "median": 13.26092318186,
      "user": 132.05152839249996,
      "system": 2.530078335,
      "min": 13.104721831360001,
      "max": 13.54161121936,
      "times": [
        13.54161121936,
        13.298580950360002,
        13.144099739360001,
        13.34927167136,
        13.219864774360001,
        13.346969257360001,
        13.378551293360001,
        13.16524373236,
        13.301699257360001,
        13.22326541336,
        13.317170524360002,
        13.199700750360002,
        13.366808224360001,
        13.18247615836,
        13.104721831360001,
        13.20273196836
      ],
      "memory_usage_byte": [
        2172993536,
        2191245312,
        2191245312,
        2191245312,
        2191245312,
        2191245312,
        2191245312,
        2191245312,
        2191245312,
        2191245312,
        2191245312,
        2191245312,
        2191245312,
        2191245312,
        2191245312,
        2191245312
      ],
      "exit_codes": [
        0,
        0,
        0,
        0,
        0,
        0,
        0,
        0,
        0,
        0,
        0,
        0,
        0,
        0,
        0,
        0
      ],
      "parameters": {
        "form": "tform -w16"
      }
    },
    {
      "command": "tform -w24",