{
  "results": [
    {
      "command": "form",
      "mean": 174.50443587875,
      "stddev": 0.550815826623227,
      "median": 174.4745927775,
      "user": 173.11720898,
      "system": 0.59438571,
      "min": 173.9752077135,
      "max": 175.0933502465,
      "times": [
        173.9752077135,
        174.09941920449998,
        174.8497663505,
        175.0933502465
      ],
      "memory_usage_byte": [
        1898356736,
        1898356736,
        1898356736,
        1899712512
      ],
      "exit_codes": [
        0,
        0,
        0,
        0
      ],
      "parameters": {
        "form": "form"
      }
    },
    {
      "command": "tform -w1",
      "mean": 188.04820429249997,
      "stddev": 0.49484017051369167,
      "median": 188.2244176675,
      "user": 184.73341573,
      "system": 3.37775346,
      "min": 187.33061868049998,
      "max": 188.4133631545,
      "times": [
        188.3344812195,
        188.4133631545,
        188.1143541155,
        187.33061868049998
      ],
      "memory_usage_byte": [
        2256519168,
        2263666688,
        2263666688,
        2266894336
      ],
      "exit_codes": [
        0,
        0,
        0,
        0
      ],
      "parameters": {
        "form": "tform -w1"
      }
    },
    {
      "command": "tform -w2",
      "mean": 119.81203788175,
      "stddev": 0.42400569341671995,
      "median": 119.9659597075,
      "user": 188.96887672999998,
      "system": 3.83297996,
      "min": 119.18775991950001,
      "max": 120.1284721925,
      "times": [
        119.93351760450001,
        119.9984018105,
        119.18775991950001,
        120.1284721925
      ],
      "memory_usage_byte": [
        2294681600,
        2299047936,
        2302353408,
        2302353408
      ],
      "exit_codes": [
        0,
        0,
        0,
        0
      ],
      "parameters": {
        "form": "tform -w2"
      }
    },
    {
      "command": "tform -w4",
      "mean": 94.791692515,
      "stddev": 2.7818127786500164,
      "median": 94.6843444285,
      "user": 208.05291972999999,
      "system": 5.559298709999999,
      "min": 91.4969942285,
      "max": 98.30108697450001,
      "times": [
        94.5806296475,
        98.30108697450001,
        91.4969942285,
        94.7880592095
      ],
      "memory_usage_byte": [
        2601054208,
        2602176512,
        2617245696,
        2618396672
      ],
      "exit_codes": [
        0,
        0,
        0,
        0
      ],
      "parameters": {
        "form": "tform -w4"
      }
    },
    {
      "command": "tform -w8",
      "mean": 84.58846778325001,
      "stddev": 0.19726827381158887,
      "median": 84.610894724,
      "user": 227.77689098,
      "system": 11.19079871,
      "min": 84.3319340515,
      "max": 84.8001476335,
      "times": [
        84.66149346750001,
        84.5602959805,
        84.8001476335,
        84.3319340515
      ],
      "memory_usage_byte": [
        2981048320,
        2988949504,
        3018797056,
        3018797056
      ],
      "exit_codes": [
        0,
        0,
        0,
        0
      ],
      "parameters": {
        "form": "tform -w8"
      }
    },
    {
      "command": "tform -w16",
      "mean": 82.40365759725,
      "stddev": 1.994724651341501,
      "median": 81.50273246500001,
      "user": 261.74165123,
      "system": 20.80412746,
      "min": 81.2309893805,
      "max": 85.3781760785,
      "times": [
        81.71549544850001,
        81.28996948150001,
        85.3781760785,
        81.2309893805
      ],
      "memory_usage_byte": [
        3430121472,
        3435053056,
        3437907968,
        3450671104
      ],
      "exit_codes": [
        0,
        0,
        0,
        0
      ],
      "parameters": {
        "form": "tform -w16"
      }
    },
    {
      "command": "tform -w24",
      "mean": 84.90149222125,
      "stddev": 1.3136468509907322,
      "median": 84.8891437655,
      "user": 281.56249973,
      "system": 31.568553709999996,
      "min": 83.3819703515,
      "max": 86.4457110025,
      "times": [
        83.3819703515,
        86.4457110025,
        85.3806418945,
        84.3976456365
      ],
      "memory_usage_byte": [
        3751845888,
        3770109952,
        3770109952,
        3770109952
      ],
      "exit_codes": [
        0,
        0,
        0,
        0
      ],
      "parameters": {
        "form": "tform -w24"
      }
    },
    {
      "command": "tform -w32",
      "mean": 84.65280567475,
      "stddev": 1.2247384254074278,
      "median": 84.323578763,
      "user": 298.04569798,
      "system": 43.24436196,
      "min": 83.5561493605,
      "max": 86.40791581250001,
      "times": [
        86.40791581250001,
        84.3163245935,
        84.3308329325,
        83.5561493605
      ],
      "memory_usage_byte": [
        4055244800,
        4063625216,
        4063625216,
        4064276480
      ],
      "exit_codes": [
        0,
        0,
        0,
        0
      ],
      "parameters": {
        "form": "tform -w32"
      }
    },
    {
      "command": "tform -w48",
      "mean": 89.2299499275,
      "stddev": 1.3325991369316474,
      "median": 89.29007057449999,
      "user": 322.24992498,
      "system": 60.454600209999995,
      "min": 87.6838727795,
      "max": 90.6557857815,
      "times": [
        88.6204176925,
        90.6557857815,
        89.9597234565,
        87.6838727795
      ],
      "memory_usage_byte": [
        4604706816,
        4614025216,
        4647145472,
        4647145472
      ],
      "exit_codes": [
        0,
        0,
        0,
        0
      ],
      "parameters": {
        "form": "tform -w48"
      }
    },
    {
      "command": "tform -w64",
      "mean": 90.41726895100001,
      "stddev": 0.7545595249491509,
      "median": 90.1921377725,
      "user": 343.58923723,
      "system": 108.48912295999999,
      "min": 89.78989587250001,
      "max": 91.49490438650001,
      "times": [
        91.49490438650001,
        90.0311765605,
        90.35309898450001,
        89.78989587250001
      ],
      "memory_usage_byte": [
        5137518592,
        5168418816,
        5168418816,
        5168418816
      ],
      "exit_codes": [
        0,
        0,
        0,
        0
      ],
      "parameters": {
        "form": "tform -w64"
      }
    }
  ]
}
