{
  "results": [
    {
      "command": "form",
      "mean": 389.33735466395996,
      "stddev": 0.34184351837720733,
      "median": 389.29969586296,
      "user": 385.65953711,
      "system": 2.19569426,
      "min": 388.98743075396,
      "max": 389.76259617595997,
      "times": [
        388.98743075396,
        389.76259617595997,
        389.15060274396,
        389.44878898196
      ],
      "memory_usage_byte": [
        2035507200,
        2036838400,
        2039197696,
        2039197696
      ],
      "exit_codes": [
        0,
        0,
        0,
        0
      ],
      "parameters": {
        "form": "form"
      }
    },
    {
      "command": "tform -w1",
      "mean": 415.59716059296,
      "stddev": 0.5692154189236941,
      "median": 415.61201995596,
      "user": 406.24738160999993,
      "system": 8.826965759999998,
      "min": 414.88558702896,
      "max": 416.27901543096,
      "times": [
        415.62455033896,
        415.59948957296,
        416.27901543096,
        414.88558702896
      ],
      "memory_usage_byte": [
        2483167232,
        2483798016,
        2484289536,
        2484289536
      ],
      "exit_codes": [
        0,
        0,
        0,
        0
      ],
      "parameters": {
        "form": "tform -w1"
      }
    },
    {
      "command": "tform -w2",
      "mean": 248.48624685920998,
      "stddev": 12.271054670167112,
      "median": 243.01159868896,
      "user": 418.77083060999996,
      "system": 9.18122001,
      "min": 241.07997032596,
      "max": 266.84181973296,
      "times": [
        241.07997032596,
        242.93155067796,
        266.84181973296,
        243.09164669996
      ],
      "memory_usage_byte": [
        2620149760,
        2624458752,
        2727444480,
        2727444480
      ],
      "exit_codes": [
        0,
        0,
        0,
        0
      ],
      "parameters": {
        "form": "tform -w2"
      }
    },
    {
      "command": "tform -w4",
      "mean": 176.64109008946,
      "stddev": 4.218531842392456,
      "median": 175.87054179595998,
      "user": 449.46032661,
      "system": 11.406116509999999,
      "min": 172.42359206296,
      "max": 182.39968470296,
      "times": [
        182.39968470296,
        172.42359206296,
        175.07939015296,
        176.66169343896
      ],
      "memory_usage_byte": [
        3015344128,
        3015344128,
        3015344128,
        3015344128
      ],
      "exit_codes": [
        0,
        0,
        0,
        0
      ],
      "parameters": {
        "form": "tform -w4"
      }
    },
    {
      "command": "tform -w8",
      "mean": 142.75282884096,
      "stddev": 1.5512831726874157,
      "median": 142.31932858696,
      "user": 491.04624560999997,
      "system": 20.64641826,
      "min": 141.41664388696,
      "max": 144.95601430296,
      "times": [
        144.95601430296,
        141.99981560296,
        141.41664388696,
        142.63884157096
      ],
      "memory_usage_byte": [
        3248263168,
        3368497152,
        3368497152,
        3368497152
      ],
      "exit_codes": [
        0,
        0,
        0,
        0
      ],
      "parameters": {
        "form": "tform -w8"
      }
    },
    {
      "command": "tform -w16",
      "mean": 135.23900593220998,
      "stddev": 1.4923818086569445,
      "median": 134.77125327646,
      "user": 565.81930836,
      "system": 99.80840450999999,
      "min": 134.09220779896,
      "max": 137.32130937696,
      "times": [
        137.32130937696,
        134.22678486595998,
        134.09220779896,
        135.31572168696
      ],
      "memory_usage_byte": [
        3612184576,
        3653005312,
        3759493120,
        3759493120
      ],
      "exit_codes": [
        0,
        0,
        0,
        0
      ],
      "parameters": {
        "form": "tform -w16"
      }
    },
    {
      "command": "tform -w24",
      "mean": 131.19589527371,
      "stddev": 1.8748346900976878,
      "median": 130.30718060796,
      "user": 616.37159811,
      "system": 83.44602375999999,
      "min": 130.16641364596,
      "max": 134.00280623296,
      "times": [
        130.19140868496,
        134.00280623296,
        130.16641364596,
        130.42295253096
      ],
      "memory_usage_byte": [
        3862372352,
        3862372352,
        3873492992,
        3873492992
      ],
      "exit_codes": [
        0,
        0,
        0,
        0
      ],
      "parameters": {
        "form": "tform -w24"
      }
    },
    {
      "command": "tform -w32",
      "mean": 129.25351523095998,
      "stddev": 1.8306056861357793,
      "median": 129.33363016296,
      "user": 648.68983811,
      "system": 110.78547726,
      "min": 127.05768298096,
      "max": 131.28911761696,
      "times": [
        130.06682808496,
        128.60043224096,
        131.28911761696,
        127.05768298096
      ],
      "memory_usage_byte": [
        4117241856,
        4127961088,
        4127961088,
        4162646016
      ],
      "exit_codes": [
        0,
        0,
        0,
        0
      ],
      "parameters": {
        "form": "tform -w32"
      }
    },
    {
      "command": "tform -w48",
      "mean": 133.08913501171,
      "stddev": 1.6115268540881957,
      "median": 132.63221367346,
      "user": 697.0406796100001,
      "system": 201.93714651,
      "min": 131.69057653996,
      "max": 135.40153615996,
      "times": [
        135.40153615996,
        132.81974675896,
        131.69057653996,
        132.44468058796
      ],
      "memory_usage_byte": [
        4521414656,
        4595023872,
        4595023872,
        4610957312
      ],
      "exit_codes": [
        0,
        0,
        0,
        0
      ],
      "parameters": {
        "form": "tform -w48"
      }
    },
    {
      "command": "tform -w64",
      "mean": 133.52763067996,
      "stddev": 1.4425460467447424,
      "median": 133.21773944946,
      "user": 725.8538971099999,
      "system": 211.90284100999997,
      "min": 132.12635472796,
      "max": 135.54868909296,
      "times": [
        132.12635472796,
        133.25310001396,
        133.18237888496,
        135.54868909296
      ],
      "memory_usage_byte": [
        5008044032,
        5042049024,
        5067227136,
        5067227136
      ],
      "exit_codes": [
        0,
        0,
        0,
        0
      ],
      "parameters": {
        "form": "tform -w64"
      }
    }
  ]
}
