{
  "results": [
    {
      "command": "form",
      "mean": 1596.0507275954399,
      "stddev": 1.9287433901430309,
      "median": 1595.32580503244,
      "user": 1584.11694062,
      "system": 5.2754543866666666,
      "min": 1593.76826194494,
      "max": 1598.47369091094,
      "times": [
        1598.38026574194,
        1595.3003865779401,
        1595.03053690994,
        1593.76826194494,
        1595.35122348694,
        1598.47369091094
      ],
      "memory_usage_byte": [
        3201687552,
        3201687552,
        3201687552,
        3201687552,
        3201687552,
        3201687552
      ],
      "exit_codes": [
        0,
        0,
        0,
        0,
        0,
        0
      ],
      "parameters": {
        "form": "form"
      }
    },
    {
      "command": "tform -w1",
      "mean": 1605.5678758641068,
      "stddev": 2.1926940615456743,
      "median": 1606.29465855194,
      "user": 1610.7537249533332,
      "system": 7.10689472,
      "min": 1602.13946412494,
      "max": 1607.55633145394,
      "times": [
        1602.13946412494,
        1607.55633145394,
        1603.6766627019401,
        1606.00049564094,
        1607.4454797999401,
        1606.5888214629401
      ],
      "memory_usage_byte": [
        6258696192,
        6258696192,
        6261211136,
        6261211136,
        6261211136,
        6261211136
      ],
      "exit_codes": [
        0,
        0,
        0,
        0,
        0,
        0
      ],
      "parameters": {
        "form": "tform -w1"
      }
    }
  ]
}
