{
  "results": [
    {
      "command": "form",
      "mean": 234.17227484634003,
      "stddev": 0.5374162535805176,
      "median": 234.07465429434,
      "user": 233.22667485,
      "system": 0.04046541,
      "min": 233.40085956384,
      "max": 235.18642533384,
      "times": [
        234.51252218684,
        233.40085956384,
        234.16549454384,
        234.01299767184,
        234.09337568584,
        234.60164922584,
        233.53642850084,
        234.55162733984,
        233.78101344083998,
        234.61932158784,
        234.05225008084,
        235.02989386584,
        235.18642533384,
        233.52047848383998,
        233.63612712684,
        234.05593290284
      ],
      "memory_usage_byte": [
        458625024,
        458788864,
        458788864,
        458874880,
        458874880,
        458874880,
        458874880,
        458874880,
        458874880,
        458874880,
        460595200,
        460595200,
        460595200,
        460595200,
        460595200,
        460595200
      ],
      "exit_codes": [
        0,
        0,
        0,
        0,
        0,
        0,
        0,
        0,
        0,
        0,
        0,
        0,
        0,
        0,
        0,
        0
      ],
      "parameters": {
        "form": "form"
      }
    },
    {
      "command": "tform -w1",
      "mean": 242.2244655642775,
      "stddev": 0.1637691912718154,
      "median": 242.25333615483999,
      "user": 242.1085964125,
      "system": 0.47983972249999995,
      "min": 241.85663366584,
      "max": 242.42496117183998,
      "times": [
        242.42496117183998,
        242.38747287383998,
        242.03245408284,
        242.25255923784,
        242.24789398284,
        242.26427494384,
        242.34309128383998,
        242.16155222484,
        242.25411307183998,
        242.41053224784,
        242.34777686484,
        242.03822727684,
        242.00535648884,
        241.85663366584,
        242.31641266384,
        242.24813694684
      ],
      "memory_usage_byte": [
        1029242880,
        1029242880,
        1030139904,
        1030139904,
        1030139904,
        1030139904,
        1030139904,
        1030139904,
        1030139904,
        1030139904,
        1030139904,
        1030361088,
        1030361088,
        1030361088,
        1030361088,
        1030361088
      ],
      "exit_codes": [
        0,
        0,
        0,
        0,
        0,
        0,
        0,
        0,
        0,
        0,
        0,
        0,
        0,
        0,
        0,
        0
      ],
      "parameters": {
        "form": "tform -w1"
      }
    },
    {
      "command": "tform -w2",
      "mean": 122.95614577552749,
      "stddev": 0.1830111037792778,
      "median": 122.93811299684,
      "user": 242.64347810000004,
      "system": 0.607955285,
      "min": 122.63143336783999,
      "max": 123.27643234483999,
      "times": [
        122.72815564484,
        123.21396572584,
        123.20822049083999,
        122.94230145984,
        123.05147671984,
        123.04542102984,
        122.80009618284,
        123.27643234483999,
        122.84593534684,
        122.92224943484,
        122.63143336783999,
        122.94374139384,
        122.93392453384,
        123.08235193984,
        122.75824198184,
        122.91438481083999
      ],
      "memory_usage_byte": [
        1182162944,
        1182162944,
        1188139008,
        1188139008,
        1188139008,
        1188147200,
        1189376000,
        1189376000,
        1189376000,
        1189376000,
        1189376000,
        1190797312,
        1190797312,
        1190797312,
        1190797312,
        1190797312
      ],
      "exit_codes": [
        0,
        0,
        0,
        0,
        0,
        0,
        0,
        0,
        0,
        0,
        0,
        0,
        0,
        0,
        0,
        0
      ],
      "parameters": {
        "form": "tform -w2"
      }
    },
    {
      "command": "tform -w4",
      "mean": 63.556729345964996,
      "stddev": 0.09540644580478543,
      "median": 63.55227939934,
      "user": 244.7302056625,
      "system": 0.9964914725,
      "min": 63.368931998840004,
      "max": 63.731968895840005,
      "times": [
        63.45173641684,
        63.368931998840004,
        63.66166350484,
        63.48577892284,
        63.46300509084,
        63.70086381684,
        63.563768951840004,
        63.50428000184,
        63.54341823784,
        63.60510457884,
        63.55489930684,
        63.731968895840005,
        63.523288854840004,
        63.64299551484,
        63.54965949184,
        63.55630594984
      ],
      "memory_usage_byte": [
        1856856064,
        1856856064,
        1856856064,
        1856856064,
        1856856064,
        1856856064,
        1862561792,
        1865334784,
        1865334784,
        1865334784,
        1867190272,
        1867190272,
        1867190272,
        1867190272,
        1867190272,
        1867190272
      ],
      "exit_codes": [
        0,
        0,
        0,
        0,
        0,
        0,
        0,
        0,
        0,
        0,
        0,
        0,
        0,
        0,
        0,
        0
      ],
      "parameters": {
        "form": "tform -w4"
      }
    },
    {
      "command": "tform -w8",
      "mean": 35.1915497822775,
      "stddev": 0.16388178299193012,
      "median": 35.19595542284,
      "user": 247.31822885000003,
      "system": 1.6565135974999998,
      "min": 34.954321084840004,
      "max": 35.529172578840004,
      "times": [
        35.07871321084,
        35.00049515484,
        35.08117559884,
        35.38687920584,
        35.529172578840004,
        35.29666374384,
        35.20076596784,
        35.19114487784,
        35.16867502884,
        35.21469226384,
        35.215622443840005,
        35.20225519384,
        35.00516691584,
        35.07816878484,
        35.46088446184,
        34.954321084840004
      ],
      "memory_usage_byte": [
        2405974016,
        2432610304,
        2432610304,
        2432610304,
        2448941056,
        2448941056,
        2448941056,
        2448941056,
        2448941056,
        2448941056,
        2448941056,
        2448941056,
        2448941056,
        2448941056,
        2448941056,
        2448941056
      ],
      "exit_codes": [
        0,
        0,
        0,
        0,
        0,
        0,
        0,
        0,
        0,
        0,
        0,
        0,
        0,
        0,
        0,
        0
      ],
      "parameters": {
        "form": "tform -w8"
      }
    },
    {
      "command": "tform -w16",
      "mean": 22.2957444994025,
      "stddev": 0.18660775647673555,
      "median": 22.24783955934,
      "user": 258.44613366249996,
      "system": 2.94061291,
      "min": 22.04921340484,
      "max": 22.74756482084,
      "times": [
        22.37963847184,
        22.04921340484,
        22.54492603884,
        22.42759029384,
        22.15606233384,
        22.38697536584,
        22.74756482084,
        22.47664953484,
        22.25816922984,
        22.27175453884,
        22.20432199884,
        22.14208897584,
        22.237509888840002,
        22.227267912840002,
        22.103566957840002,
        22.118612222840003
      ],
      "memory_usage_byte": [
        2831306752,
        2864734208,
        2864734208,
        2878664704,
        2878664704,
        2878664704,
        2878664704,
        2878664704,
        2878664704,
        2878664704,
        2878664704,
        2878664704,
        2878664704,
        2878664704,
        2878664704,
        2878664704
      ],
      "exit_codes": [
        0,
        0,
        0,
        0,
        0,
        0,
        0,
        0,
        0,
        0,
        0,
        0,
        0,
        0,
        0,
        0
      ],
      "parameters": {
        "form": "tform -w16"
      }
    },
    {
      "command": "tform -w24",
      "mean": 18.6306516760275,