{
  "results": [
    {
      "command": "form",
      "mean": 1101.8099908758902,
      "stddev": 0.11263675369550523,
      "median": 1101.80793753714,
      "user": 1089.88417363,
      "system": 7.39272051,
      "min": 1101.6832983036402,
      "max": 1101.9407901256402,
      "times": [
        1101.85740081064,
        1101.9407901256402,
        1101.7584742636402,
        1101.6832983036402
      ],
      "memory_usage_byte": [
        3284013056,
        3284369408,
        3284369408,
        3287154688
      ],
      "exit_codes": [
        0,
        0,
        0,
        0
      ],
      "parameters": {
        "form": "form"
      }
    },
    {
      "command": "tform -w1",
      "mean": 1164.0060990656402,
      "stddev": 1.7205148000488073,
      "median": 1163.9878991846401,
      "user": 1139.99695338,
      "system": 22.69490201,
      "min": 1162.12768383864,
      "max": 1165.9209140546402,
      "times": [
        1163.07005092564,
        1164.9057474436402,
        1165.9209140546402,
        1162.12768383864
      ],
      "memory_usage_byte": [
        4342460416,
        4342460416,
        4342460416,
        4342460416
      ],
      "exit_codes": [
        0,
        0,
        0,
        0
      ],
      "parameters": {
        "form": "tform -w1"
      }
    },
    {
      "command": "tform -w2",
      "mean": 647.16509498439,
      "stddev": 1.5110874213229215,
      "median": 646.60107193314,
      "user": 1142.27220513,
      "system": 19.396806259999998,
      "min": 646.12384478364,
      "max": 649.33439128764,
      "times": [
        649.33439128764,
        647.06143219864,
        646.14071166764,
        646.12384478364
      ],
      "memory_usage_byte": [
        4690108416,
        4697149440,
        4697149440,
        4697149440
      ],
      "exit_codes": [
        0,
        0,
        0,
        0
      ],
      "parameters": {
        "form": "tform -w2"
      }
    },
    {
      "command": "tform -w4",
      "mean": 433.50545066489,
      "stddev": 2.034174034761595,
      "median": 433.68309138764,
      "user": 1222.4058113800002,
      "system": 26.012590009999997,
      "min": 430.98761730364,
      "max": 435.66800258064,
      "times": [
        435.66800258064,
        430.98761730364,
        432.86627931163997,
        434.49990346364
      ],
      "memory_usage_byte": [
        5042278400,
        5042278400,
        5042278400,
        5042278400
      ],
      "exit_codes": [
        0,
        0,
        0,
        0
      ],
      "parameters": {
        "form": "tform -w4"
      }
    },
    {
      "command": "tform -w8",
      "mean": 324.50288289314005,
      "stddev": 2.528797282548435,
      "median": 323.56911076014,
      "user": 1299.61887488,
      "system": 43.02669376,
      "min": 322.74539040664,
      "max": 328.12791964564,
      "times": [
        324.34722225564,
        328.12791964564,
        322.79099926464,
        322.74539040664
      ],
      "memory_usage_byte": [
        5353771008,
        5363953664,
        5385236480,
        5385236480
      ],
      "exit_codes": [
        0,
        0,
        0,
        0
      ],
      "parameters": {
        "form": "tform -w8"
      }
    },
    {
      "command": "tform -w16",
      "mean": 294.00672204314,
      "stddev": 2.1896036857806513,
      "median": 293.66219428014,
      "user": 1478.4575096299998,
      "system": 269.71543201,
      "min": 291.72047009764,
      "max": 296.98202951464,
      "times": [
        296.98202951464,
        293.48013435164,
        291.72047009764,
        293.84425420864
      ],
      "memory_usage_byte": [
        5625659392,
        5650505728,
        5660889088,
        5660889088
      ],
      "exit_codes": [
        0,
        0,
        0,
        0
      ],
      "parameters": {
        "form": "tform -w16"
      }
    },
    {
      "command": "tform -w24",
      "mean": 270.70599622514,
      "stddev": 2.622502374895386,
      "median": 270.38263029214,
      "user": 1594.2145961299998,
      "system": 173.88221350999999,
      "min": 267.89208180864,
      "max": 274.16664250764,
      "times": [
        274.16664250764,
        267.89208180864,
        270.89704162064,
        269.86821896364
      ],
      "memory_usage_byte": [
        5893799936,
        5893799936,
        5893799936,
        5893799936
      ],
      "exit_codes": [
        0,
        0,
        0,
        0
      ],
      "parameters": {
        "form": "tform -w24"
      }
    },
    {
      "command": "tform -w32",
      "mean": 262.18425635939,
      "stddev": 2.407630496217548,
      "median": 262.12648018664,
      "user": 1665.2085341299999,
      "system": 269.74281226,
      "min": 259.36173125263997,
      "max": 265.12233381164,
      "times": [
        265.12233381164,
        259.36173125263997,
        262.75275111563997,
        261.50020925764
      ],
      "memory_usage_byte": [
        6113550336,
        6156091392,
        6156091392,
        6156091392
      ],
      "exit_codes": [
        0,
        0,
        0,
        0
      ],
      "parameters": {
        "form": "tform -w32"
      }
    },
    {
      "command": "tform -w48",
      "mean": 262.63876837214,
      "stddev": 8.103482464946364,
      "median": 262.32895245664,
      "user": 1771.3993661299999,
      "system": 672.29360101,
      "min": 255.51109012064,
      "max": 270.38607845463997,
      "times": [
        255.77217346064,
        255.51109012064,
        268.88573145264,
        270.38607845463997
      ],
      "memory_usage_byte": [
        6646960128,
        6672564224,
        6722121728,
        6763147264
      ],
      "exit_codes": [
        0,
        0,
        0,
        0
      ],
      "parameters": {
        "form": "tform -w48"
      }
    },
    {
      "command": "tform -w64",
      "mean": 252.82789383463998,
      "stddev": 2.4139929727176725,
      "median": 252.13636092864,
      "user": 1819.2862918800001,
      "system": 536.8376217599999,
      "min": 250.77307775164,
      "max": 256.26577572964,
      "times": [
        251.64424832064,
        256.26577572964,
        252.62847353664,
        250.77307775164
      ],
      "memory_usage_byte": [
        7003082752,
        7039426560,
        7056052224,
        7056052224
      ],
      "exit_codes": [
        0,
        0,
        0,
        0
      ],
      "parameters": {
        "form": "tform -w64"
      }
    }
  ]
}
