{
  "results": [
    {
      "command": "form",
      "mean": 520.88729896656,
      "stddev": 0.6717594546259241,
      "median": 521.13223484456,
      "user": 513.31951136,
      "system": 5.07268731,
      "min": 519.90725552606,
      "max": 521.37747065106,
      "times": [
        519.90725552606,
        521.26076830406,
        521.00370138506,
        521.37747065106
      ],
      "memory_usage_byte": [
        3064168448,
        3064168448,
        3064168448,
        3064168448
      ],
      "exit_codes": [
        0,
        0,
        0,
        0
      ],
      "parameters": {
        "form": "form"
      }
    },
    {
      "command": "tform -w1",
      "mean": 559.73390131181,
      "stddev": 0.9657265548597124,
      "median": 559.4717993045599,
      "user": 547.97803086,
      "system": 12.019858809999999,
      "min": 558.90919582606,
      "max": 561.08281081206,
      "times": [
        559.18825703806,
        559.75534157106,
        561.08281081206,
        558.90919582606
      ],
      "memory_usage_byte": [
        4332290048,
        4332290048,
        4345798656,
        4345798656
      ],
      "exit_codes": [
        0,
        0,
        0,
        0
      ],
      "parameters": {
        "form": "tform -w1"
      }
    },
    {
      "command": "tform -w2",
      "mean": 341.16726169506,
      "stddev": 1.7443452690128065,
      "median": 341.32970968255995,
      "user": 553.5816528599998,
      "system": 11.708111059999998,
      "min": 339.24292034105997,
      "max": 342.76670707406,
      "times": [
        339.24292034105997,
        342.76670707406,
        340.14351252605996,
        342.51590683906
      ],
      "memory_usage_byte": [
        4435550208,
        4435550208,
        4447100928,
        4447100928
      ],
      "exit_codes": [
        0,
        0,
        0,
        0
      ],
      "parameters": {
        "form": "tform -w2"
      }
    },
    {
      "command": "tform -w4",
      "mean": 251.96665553556002,
      "stddev": 1.4176281459921258,
      "median": 251.95010438655999,
      "user": 590.9431986099999,
      "system": 14.329106809999997,
      "min": 250.31956622906,
      "max": 253.64684714006,
      "times": [
        252.44634716406,
        250.31956622906,
        253.64684714006,
        251.45386160906
      ],
      "memory_usage_byte": [
        5031632896,
        5031632896,
        5031632896,
        5056483328
      ],
      "exit_codes": [
        0,
        0,
        0,
        0
      ],
      "parameters": {
        "form": "tform -w4"
      }
    },
    {
      "command": "tform -w8",
      "mean": 216.82724275106,
      "stddev": 2.555063068301888,
      "median": 217.27558963256,
      "user": 649.8508408599998,
      "system": 25.11334531,
      "min": 213.35942046506,
      "max": 219.39837127406,
      "times": [
        213.35942046506,
        217.79833178106,
        219.39837127406,
        216.75284748406
      ],
      "memory_usage_byte": [
        5365542912,
        5373067264,
        5373067264,
        5373067264
      ],
      "exit_codes": [
        0,
        0,
        0,
        0
      ],
      "parameters": {
        "form": "tform -w8"
      }
    },
    {
      "command": "tform -w16",
      "mean": 204.34801202006,
      "stddev": 2.619373592496391,
      "median": 203.41049788106,
      "user": 743.2394203599999,
      "system": 44.434824309999996,
      "min": 202.43682255806002,
      "max": 208.13422976006,
      "times": [
        202.76342810306,
        204.05756765906,
        208.13422976006,
        202.43682255806002
      ],
      "memory_usage_byte": [
        5791444992,
        5796614144,
        5796614144,
        5796614144
      ],
      "exit_codes": [
        0,
        0,
        0,
        0
      ],
      "parameters": {
        "form": "tform -w16"
      }
    },
    {
      "command": "tform -w24",
      "mean": 202.31631773230998,
      "stddev": 0.38394925834459875,
      "median": 202.47470223606,
      "user": 809.25275811,
      "system": 69.30141431,
      "min": 201.74735122106,
      "max": 202.56851523606,
      "times": [
        202.56851523606,
        202.42595121006002,
        202.52345326206,
        201.74735122106
      ],
      "memory_usage_byte": [
        6123642880,
        6123642880,
        6123892736,
        6128664576
      ],
      "exit_codes": [
        0,
        0,
        0,
        0
      ],
      "parameters": {
        "form": "tform -w24"
      }
    },
    {
      "command": "tform -w32",
      "mean": 198.10964530006,
      "stddev": 2.4554801639342663,
      "median": 198.19413779306,
      "user": 849.31744286,
      "system": 95.60432106,
      "min": 195.16917107706,
      "max": 200.88113453706,
      "times": [
        195.16917107706,
        200.88113453706,
        197.25970499806002,
        199.12857058806
      ],
      "memory_usage_byte": [
        6428819456,
        6470492160,
        6485651456,
        6485651456
      ],
      "exit_codes": [
        0,
        0,
        0,
        0
      ],
      "parameters": {
        "form": "tform -w32"
      }
    },
    {
      "command": "tform -w48",
      "mean": 197.36349427531002,
      "stddev": 0.68087282097775,
      "median": 197.33405507306003,
      "user": 905.33613411,
      "system": 159.41385631,
      "min": 196.57410059706,
      "max": 198.21176635806,
      "times": [
        196.57410059706,
        197.48624271406,
        198.21176635806,
        197.18186743206002
      ],
      "memory_usage_byte": [
        6988652544,
        7031939072,
        7031939072,
        7031939072
      ],
      "exit_codes": [
        0,
        0,
        0,
        0
      ],
      "parameters": {
        "form": "tform -w48"
      }
    },
    {
      "command": "tform -w64",
      "mean": 199.89788447756,
      "stddev": 1.8526588701853532,
      "median": 200.25675902756,
      "user": 965.2558258599998,
      "system": 349.07463956000004,
      "min": 197.44053358806002,
      "max": 201.63748626706,
      "times": [
        197.44053358806002,
        199.55866698406,
        201.63748626706,
        200.95485107106
      ],
      "memory_usage_byte": [
        7590879232,
        7590879232,
        7590879232,
        7596363776
      ],
      "exit_codes": [
        0,
        0,
        0,
        0
      ],
      "parameters": {
        "form": "tform -w64"
      }
    }
  ]
}
