{
  "results": [
    {
      "command": "form",
      "mean": 150.44064933987997,
      "stddev": 0.40523686932337194,
      "median": 150.55980033838,
      "user": 148.4462634425,
      "system": 1.315739045,
      "min": 149.85833722838,
      "max": 151.16197395038,
      "times": [
        150.72535980138,
        149.97157573238,
        149.90032290338,
        150.62379190238,
        149.94191806138,
        150.52163299938,
        150.85526621638,
        149.85833722838,
        150.66665485538,
        151.16197395038,
        150.49494005738,
        150.77448493738,
        149.99326902238,
        150.20182625638,
        150.76106783638,
        150.59796767738
      ],
      "memory_usage_byte": [
        863326208,
        863326208,
        863326208,
        863330304,
        863330304,
        863330304,
        863330304,
        863330304,
        863330304,
        863330304,
        863330304,
        863330304,
        863330304,
        865398784,
        865398784,
        865398784
      ],
      "exit_codes": [
        0,
        0,
        0,
        0,
        0,
        0,
        0,
        0,
        0,
        0,
        0,
        0,
        0,
        0,
        0,
        0
      ],
      "parameters": {
        "form": "form"
      }
    },
    {
      "command": "tform -w1",
      "mean": 155.75666410725498,
      "stddev": 0.3511144383952522,
      "median": 155.85251241988,
      "user": 153.82160400499998,
      "system": 1.3166086075,
      "min": 154.74894767138,
      "max": 156.18340149038,
      "times": [
        155.46391500238,
        156.11636199438,
        155.95251980338,
        156.18340149038,
        155.52297863738,
        155.79917580038,
        155.88172210438,
        155.86258405838,
        156.06666695438,
        156.00563847838,
        155.61362469538,
        155.60249403538,
        155.94883185438,
        155.49532235438,
        154.74894767138,
        155.84244078138
      ],
      "memory_usage_byte": [
        921047040,
        921423872,
        921423872,
        921423872,
        927375360,
        927375360,
        927375360,
        927375360,
        927375360,
        927375360,
        927375360,
        927776768,
        927776768,
        927776768,
        927776768,
        927776768
      ],
      "exit_codes": [
        0,
        0,
        0,
        0,
        0,
        0,
        0,
        0,
        0,
        0,
        0,
        0,
        0,
        0,
        0,
        0
      ],
      "parameters": {
        "form": "tform -w1"
      }
    },
    {
      "command": "tform -w2",
      "mean": 84.2298791045675,
      "stddev": 0.14857751292146132,
      "median": 84.25481066888,
      "user": 153.21263512999997,
      "system": 1.5172378574999998,
      "min": 83.81022416838,
      "max": 84.45497636638,
      "times": [
        83.81022416838,
        84.13402391737999,
        84.32587189938,
        84.23354635838,
        84.45497636638,
        84.39116703438,
        84.28437489238,
        84.34175864938,
        84.06078785938,
        84.20522106538,
        84.26119072338,
        84.23680618538,
        84.13403182937999,
        84.24843061438,
        84.27165960738,
        84.28399450238
      ],
      "memory_usage_byte": [
        1246740480,
        1246740480,
        1255231488,
        1255231488,
        1255231488,
        1255231488,
        1255231488,
        1255231488,
        1255231488,
        1255231488,
        1255231488,
        1255231488,
        1259999232,
        1259999232,
        1259999232,
        1259999232
      ],
      "exit_codes": [
        0,
        0,
        0,
        0,
        0,
        0,
        0,
        0,
        0,
        0,
        0,
        0,
        0,
        0,
        0,
        0
      ],
      "parameters": {
        "form": "tform -w2"
      }
    },
    {
      "command": "tform -w4",
      "mean": 49.83569007744249,
      "stddev": 0.2867369612549509,
      "median": 49.90267789738,
      "user": 152.960172255,
      "system": 1.6154348575,
      "min": 49.41062528438,
      "max": 50.43543191838,
      "times": [
        49.87141513838,
        50.03126951438,
        50.14472788138,
        49.64860259638,
        49.97498001538,
        49.99433181638,
        50.043314632379996,
        49.459122310379996,
        49.48630879238,
        49.69656534638,
        49.77436585238,
        49.933940656379995,
        49.41062528438,
        50.43543191838,
        49.49066885838,
        49.97537062538
      ],
      "memory_usage_byte": [
        1895944192,
        1895944192,
        1911013376,
        1911013376,
        1911013376,
        1911013376,
        1911013376,
        1911013376,
        1911013376,
        1911013376,
        1911013376,
        1911013376,
        1911013376,
        1911013376,
        1911013376,
        1911013376
      ],
      "exit_codes": [
        0,
        0,
        0,
        0,
        0,
        0,
        0,
        0,
        0,
        0,
        0,
        0,
        0,
        0,
        0,
        0
      ],
      "parameters": {
        "form": "tform -w4"
      }
    },
    {
      "command": "tform -w8",
      "mean": 35.173217422505,
      "stddev": 0.38777730673893307,
      "median": 35.19467476088,
      "user": 156.07810888,
      "system": 1.9472779824999997,
      "min": 34.40737733838,
      "max": 35.902338310379996,
      "times": [
        34.56264126738,
        35.721331629379996,
        35.41530932938,
        34.95660538638,
        35.10068431038,
        35.247893252379995,
        34.40737733838,
        35.461989366379996,
        35.902338310379996,
        35.148572386379996,
        35.19471828338,
        35.19463123838,
        35.295935947379995,
        35.06182520238,
        35.36996750738,
        34.72965800438
      ],
      "memory_usage_byte": [
        3047489536,
        3054874624,
        3064692736,
        3064692736,
        3064692736,
        3064692736,
        3064692736,
        3068256256,
        3068256256,
        3068256256,
        3068256256,
        3068256256,
        3068256256,
        3068256256,
        3068256256,
        3068256256
      ],
      "exit_codes": [
        0,
        0,
        0,
        0,
        0,
        0,
        0,
        0,
        0,
        0,
        0,
        0,
        0,
        0,
        0,
        0
      ],
      "parameters": {
        "form": "tform -w8"
      }
    },
    {
      "command": "tform -w16",
      "mean": 30.37181892263,
      "stddev": 0.5468205599692718,
      "median": 30.263020985379995,
      "user": 165.55732562999998,
      "system": 2.0970311699999997,
      "min": 29.64324488038,
      "max": 31.27111528038,
      "times": [
        30.383470349379998,
        30.85053795638,
        29.64324488038,
        30.17063832038,
        29.671048001379997,
        30.269764906379997,
        31.27111528038,
        30.142748538379998,
        30.256277064379997,
        29.98488890038,
        31.257133090379998,
        30.399641351379998,
        29.73435074738,
        30.94362299538,
        31.03991870638,
        29.93070167338
      ],
      "memory_usage_byte": [
        5059354624,
        5098053632,
        5098053632,
        5098053632,
        5098053632,
        5098053632,
        5112487936,
        5112487936,
        5112487936,
        5112487936,
        5112487936,
        5112487936,
        5112487936,
        5112487936,
        5112487936,
        5112487936
      ],
      "exit_codes": [
        0,
        0,
        0,
        0,
        0,
        0,
        0,
        0,
        0,
        0,
        0,
        0,
        0,
        0,
        0,
        0
      ],
      "parameters": {
        "form": "tform -w16"
      }
    },
    {
      "command": "tform -w24",
      "mean": 30.0376419225675,
      "stddev": 0.6188828880895495,