{
  "results": [
    {
      "command": "form",
      "mean": 2357.87030659502,
      "stddev": 2.1907777541349085,
      "median": 2357.93003952952,
      "user": 2348.96125962,
      "system": 0.78780533,
      "min": 2355.3692369680202,
      "max": 2360.25191035302,
      "times": [
        2360.25191035302,
        2359.03999442002,
        2356.82008463902,
        2355.3692369680202
      ],
      "memory_usage_byte": [
        10387939328,
        10387939328,
        10387939328,
        10388701184
      ],
      "exit_codes": [
        0,
        0,
        0,
        0
      ],
      "parameters": {
        "form": "form"
      }
    },
    {
      "command": "tform -w1",
      "mean": 2416.3941392082697,
      "stddev": 0.7709130529554593,
      "median": 2416.57058539302,
      "user": 2422.20978837,
      "system": 4.32115358,
      "min": 2415.3885816790203,
      "max": 2417.0468043680203,
      "times": [
        2415.3885816790203,
        2416.94710666602,
        2416.19406412002,
        2417.0468043680203
      ],
      "memory_usage_byte": [
        15086931968,
        15088087040,
        15088087040,
        15088087040
      ],
      "exit_codes": [
        0,
        0,
        0,
        0
      ],
      "parameters": {
        "form": "tform -w1"
      }
    }
  ]
}
