{
  "results": [
    {
      "command": "form",
      "mean": 2124.109796957407,
      "stddev": 4.114407658696519,
      "median": 2124.1719168442405,
      "user": 2115.743389593333,
      "system": 0.17657514666666665,
      "min": 2118.5500426767403,
      "max": 2129.53469995774,
      "times": [
        2127.01781689674,
        2126.10091118474,
        2122.2429225037404,
        2129.53469995774,
        2121.21238852474,
        2118.5500426767403
      ],
      "memory_usage_byte": [
        1854484480,
        1854607360,
        1854607360,
        1854607360,
        1854607360,
        1854607360
      ],
      "exit_codes": [
        0,
        0,
        0,
        0,
        0,
        0
      ],
      "parameters": {
        "form": "form"
      }
    }
  ]
}
