{
  "results": [
    {
      "command": "form",
      "mean": 16.663590282453335,
      "stddev": 0.23924050390870857,
      "median": 16.602284871420004,
      "user": 16.607245486666667,
      "system": 0.054105160000000006,
      "min": 16.295566059920002,
      "max": 17.165488764920003,
      "times": [
        17.105106303920003,
        16.62787952792,
        16.50209010092,
        16.44786332092,
        16.438357069920002,
        16.446948294920002,
        16.34346387392,
        16.48454569092,
        16.61143600292,
        16.815971316920002,
        17.021199130920003,
        16.959377332920003,
        17.16357409792,
        16.493630765920003,
        16.49839653092,
        16.52015569792,
        16.76105150492,
        16.76653873392,
        16.58405704292,
        16.534464159920002,
        16.593133739920003,
        16.295566059920002,
        17.165488764920003,
        16.63485555192,
        16.548084820920003,
        16.72628144492,
        16.733582176920002,
        16.90436825692,
        16.76843788192,
        16.41180327392
      ],
      "exit_codes": [
        0,
        0,
        0,
        0,
        0,
        0,
        0,
        0,
        0,
        0,
        0,
        0,
        0,
        0,
        0,
        0,
        0,
        0,
        0,
        0,
        0,
        0,
        0,
        0,
        0,
        0,
        0,
        0,
        0,
        0
      ],
      "parameters": {
        "form": "form"
      }
    },
    {
      "command": "tform -w1",
      "mean": 16.468826586053336,
      "stddev": 0.3078563331122519,
      "median": 16.37507396742,
      "user": 16.42014798666667,
      "system": 0.04547909333333334,
      "min": 16.100388734920003,
      "max": 17.57479725392,
      "times": [
        16.367215260920002,
        16.47842937092,
        16.18699689992,
        16.21619179692,
        16.24560135292,
        16.16153829692,
        16.291186203920002,
        16.519032764920002,
        16.437126764920002,
        16.34044601992,
        16.28983023292,
        16.405877675920003,
        16.23064449692,
        16.35515956092,
        16.409643078920002,
        16.20102434492,
        16.31794229292,
        16.313396311920002,
        16.382932673920003,
        16.355082379920002,
        16.729476913920003,
        16.567095396920003,
        16.98256276292,
        16.571493590920003,
        16.49703238092,
        17.57479725392,
        16.93989165492,
        16.100388734920003,
        16.79815233792,
        16.79860877292
      ],
      "exit_codes": [
        0,
        0,
        0,
        0,
        0,
        0,
        0,
        0,
        0,
        0,
        0,
        0,
        0,
        0,
        0,
        0,
        0,
        0,
        0,
        0,
        0,
        0,
        0,
        0,
        0,
        0,
        0,
        0,
        0,
        0
      ],
      "parameters": {
        "form": "tform -w1"
      }
    },
    {
      "command": "tform -w2",
      "mean": 10.011470816653336,
      "stddev": 0.14464861112853178,
      "median": 9.98000125242,
      "user": 19.874964653333336,
      "system": 0.06671999333333332,
      "min": 9.81280237392,
      "max": 10.452376555919999,
      "times": [
        10.31710175392,
        9.83545300592,
        9.89998063592,
        10.081278295919999,
        10.25709703592,
        10.17505097992,
        9.91215272792,
        9.94747648992,
        10.452376555919999,
        9.96932276892,
        10.11865171092,
        9.95060317392,
        10.05203785692,
        9.99494796492,
        9.92987017092,
        10.05475992092,
        10.06012292992,
        9.95871298992,
        10.07231678092,
        9.85777939592,
        9.99764474592,
        9.944400224919999,
        9.88405834292,
        10.08138481292,
        9.83232007192,
        9.98860090092,
        9.81280237392,
        9.97140160392,
        9.91102520392,
        10.02339307292
      ],
      "exit_codes": [
        0,
        0,
        0,
        0,
        0,
        0,
        0,
        0,
        0,
        0,
        0,
        0,
        0,
        0,
        0,
        0,
        0,
        0,
        0,
        0,
        0,
        0,
        0,
        0,
        0,
        0,
        0,
        0,
        0,
        0
      ],
      "parameters": {
        "form": "tform -w2"
      }
    }
  ]
}
