{
  "results": [
    {
      "command": "form",
      "mean": 2130.1164470326935,
      "stddev": 5.942626085387865,
      "median": 2131.1309059818605,
      "user": 2121.4692118066664,
      "system": 0.18386360000000002,
      "min": 2121.01042658586,
      "max": 2136.80900615786,
      "times": [
        2133.8501864098603,
        2134.30514871986,
        2121.01042658586,
        2128.41162555386,
        2136.80900615786,
        2126.31228876886
      ],
      "memory_usage_byte": [
        1852391424,
        1852391424,
        1852391424,
        1854603264,
        1854603264,
        1854603264
      ],
      "exit_codes": [
        0,
        0,
        0,
        0,
        0,
        0
      ],
      "parameters": {
        "form": "form"
      }
    },
    {
      "command": "tform -w4",
      "mean": 612.87155880136,
      "stddev": 1.0093361017127667,
      "median": 612.43484813436,
      "user": 2238.7997718066667,
      "system": 2.900248766666667,
      "min": 611.93373629886,
      "max": 614.65255060186,
      "times": [
        612.31270975586,
        614.65255060186,
        611.93373629886,
        613.46065988286,
        612.40683708086,
        612.46285918786
      ],
      "memory_usage_byte": [
        4734328832,
        4734328832,
        4734328832,
        4734328832,
        4734328832,
        4734328832
      ],
      "exit_codes": [
        0,
        0,
        0,
        0,
        0,
        0
      ],
      "parameters": {
        "form": "tform -w4"
      }
    },
    {
      "command": "tform -w8",
      "mean": 348.50635525702666,
      "stddev": 1.3226934321173007,
      "median": 348.75982829535997,
      "user": 2279.6786808066668,
      "system": 4.232908766666666,
      "min": 346.73710159986,
      "max": 349.95839671386,
      "times": [
        349.69932190886,
        347.12365472886,
        346.73710159986,
        348.91045919486,
        349.95839671386,
        348.60919739586
      ],
      "memory_usage_byte": [
        5260935168,
        5260935168,
        5260935168,
        5260935168,
        5260935168,
        5264183296
      ],
      "exit_codes": [
        0,
        0,
        0,
        0,
        0,
        0
      ],
      "parameters": {
        "form": "tform -w8"
      }
    },
    {
      "command": "tform -w16",
      "mean": 221.75947730569337,
      "stddev": 1.3053023250216889,
      "median": 221.82065920885998,
      "user": 2362.4159303066667,
      "system": 30.110345266666666,
      "min": 219.64739767886002,
      "max": 223.56888243986,
      "times": [
        221.89690776586,
        221.23772031786,
        219.64739767886002,
        222.46154497986,
        223.56888243986,
        221.74441065186
      ],
      "memory_usage_byte": [
        5723004928,
        5723004928,
        5723004928,
        5730078720,
        5730078720,
        5730078720
      ],
      "exit_codes": [
        0,
        0,
        0,
        0,
        0,
        0
      ],
      "parameters": {
        "form": "tform -w16"
      }
    },
    {
      "command": "tform -w24",
      "mean": 182.6291572530267,
      "stddev": 0.7686422525846313,
      "median": 182.62910894336,
      "user": 2512.33073564,
      "system": 80.5187246,
      "min": 181.81724550186001,
      "max": 183.44058402486002,
      "times": [
        181.81724550186001,
        183.12091492686,
        181.87027282886,
        183.38862327586,
        182.13730295986,
        183.44058402486002
      ],
      "memory_usage_byte": [
        6253170688,
        6255833088,
        6299553792,
        6313312256,
        6313312256,
        6313312256
      ],
      "exit_codes": [
        0,
        0,
        0,
        0,
        0,
        0
      ],
      "parameters": {
        "form": "tform -w24"
      }
    },
    {
      "command": "tform -w32",
      "mean": 175.85037328736,
      "stddev": 0.4204219083403447,
      "median": 175.89415459636,
      "user": 2557.73666664,
      "system": 165.7313116,
      "min": 175.27975132386,
      "max": 176.29463345086,
      "times": [
        175.27975132386,
        175.53710372586,
        176.29463345086,
        175.63446963086,
        176.20244203086,
        176.15383956186
      ],
      "memory_usage_byte": [
        7023243264,
        7032008704,
        7061233664,
        7061233664,
        7061233664,
        7061233664
      ],
      "exit_codes": [
        0,
        0,
        0,
        0,
        0,
        0
      ],
      "parameters": {
        "form": "tform -w32"
      }
    },
    {
      "command": "tform -w48",
      "mean": 151.93393348186,
      "stddev": 0.7179781498786972,
      "median": 152.03128890586,
      "user": 2614.38955314,
      "system": 348.13676543333327,
      "min": 150.75900526286,
      "max": 152.82899722586,
      "times": [
        151.61182144986,
        152.26290287086002,
        150.75900526286,
        151.79967494086,
        152.34119914086,
        152.82899722586
      ],
      "memory_usage_byte": [
        8386330624,
        8386330624,
        8386330624,
        8386330624,
        8386330624,
        8391503872
      ],
      "exit_codes": [
        0,
        0,
        0,
        0,
        0,
        0
      ],
      "parameters": {
        "form": "tform -w48"
      }
    },
    {
      "command": "tform -w64",
      "mean": 143.74848759886,
      "stddev": 1.0075771672131535,
      "median": 143.74431592936003,
      "user": 2675.84578164,
      "system": 536.3224007666666,
      "min": 142.29163179086,
      "max": 145.13941161186,
      "times": [
        143.44732085486,
        144.43360469186,
        145.13941161186,
        142.29163179086,
        143.13764563986,
        144.04131100386002
      ],
      "memory_usage_byte": [
        10232098816,
        10232098816,
        10232098816,
        10232098816,
        10232098816,
        10232098816
      ],
      "exit_codes": [
        0,
        0,
        0,
        0,
        0,
        0
      ],
      "parameters": {
        "form": "tform -w64"
      }
    }
  ]
}
