{
  "results": [
    {
      "command": "form",
      "mean": 521.74135183369,
      "stddev": 0.6758462016366029,
      "median": 521.6474041684401,
      "user": 514.2948885599999,
      "system": 5.076947479999999,
      "min": 521.02714760344,
      "max": 522.64345139444,
      "times": [
        521.76736382244,
        521.52744451444,
        521.02714760344,
        522.64345139444
      ],
      "memory_usage_byte": [
        3064430592,
        3064430592,
        3064860672,
        3064860672
      ],
      "exit_codes": [
        0,
        0,
        0,
        0
      ],
      "parameters": {
        "form": "form"
      }
    },
    {
      "command": "tform -w4",
      "mean": 254.10444156969,
      "stddev": 1.659075000026954,
      "median": 254.03411973994002,
      "user": 594.59230006,
      "system": 14.501950229999998,
      "min": 252.21312370244001,
      "max": 256.13640309644,
      "times": [
        254.55457546644,
        256.13640309644,
        253.51366401344,
        252.21312370244001
      ],
      "memory_usage_byte": [
        5049884672,
        5049884672,
        5049884672,
        5049884672
      ],
      "exit_codes": [
        0,
        0,
        0,
        0
      ],
      "parameters": {
        "form": "tform -w4"
      }
    },
    {
      "command": "tform -w8",
      "mean": 217.37332759644002,
      "stddev": 2.3810946350874955,
      "median": 216.49102703044002,
      "user": 653.2674515599999,
      "system": 25.47593698,
      "min": 215.73119053944,
      "max": 220.78006578544,
      "times": [
        217.24913230144,
        220.78006578544,
        215.73119053944,
        215.73292175944002
      ],
      "memory_usage_byte": [
        5384605696,
        5384605696,
        5384605696,
        5384605696
      ],
      "exit_codes": [
        0,
        0,
        0,
        0
      ],
      "parameters": {
        "form": "tform -w8"
      }
    },
    {
      "command": "tform -w16",
      "mean": 203.20910611194,
      "stddev": 1.347362312503076,
      "median": 202.97231101894,
      "user": 744.3284718099999,
      "system": 45.373284979999994,
      "min": 201.89935375844001,
      "max": 204.99244865144001,
      "times": [
        202.50420316244,
        203.44041887544,
        204.99244865144001,
        201.89935375844001
      ],
      "memory_usage_byte": [
        5780152320,
        5780152320,
        5780152320,
        5785255936
      ],
      "exit_codes": [
        0,
        0,
        0,
        0
      ],
      "parameters": {
        "form": "tform -w16"
      }
    },
    {
      "command": "tform -w24",
      "mean": 200.64675519769,
      "stddev": 1.9046939151276066,
      "median": 200.85833641744,
      "user": 806.92097856,
      "system": 70.76456048,
      "min": 198.19801643744,
      "max": 202.67233151844002,
      "times": [
        201.44772701744,
        198.19801643744,
        200.26894581744,
        202.67233151844002
      ],
      "memory_usage_byte": [
        6124158976,
        6124158976,
        6124158976,
        6124158976
      ],
      "exit_codes": [
        0,
        0,
        0,
        0
      ],
      "parameters": {
        "form": "tform -w24"
      }
    },
    {
      "command": "tform -w32",
      "mean": 194.78252135794,
      "stddev": 1.0227897130405943,
      "median": 195.04057007294,
      "user": 843.23907381,
      "system": 100.62296673,
      "min": 193.33712297944,
      "max": 195.71182230644,
      "times": [
        193.33712297944,
        194.87879648544,
        195.20234366044002,
        195.71182230644
      ],
      "memory_usage_byte": [
        6442872832,
        6467497984,
        6467497984,
        6467497984
      ],
      "exit_codes": [
        0,
        0,
        0,
        0
      ],
      "parameters": {
        "form": "tform -w32"
      }
    },
    {
      "command": "tform -w48",
      "mean": 196.85178205794,
      "stddev": 2.101679122139331,
      "median": 196.62206906294,
      "user": 903.92884856,
      "system": 158.11302573,
      "min": 194.64328873044002,
      "max": 199.51970137544,
      "times": [
        199.51970137544,
        197.38048616944002,
        195.86365195644,
        194.64328873044002
      ],
      "memory_usage_byte": [
        7006347264,
        7018676224,
        7051177984,
        7051177984
      ],
      "exit_codes": [
        0,
        0,
        0,
        0
      ],
      "parameters": {
        "form": "tform -w48"
      }
    },
    {
      "command": "tform -w64",
      "mean": 203.13446334344002,
      "stddev": 3.701498790625745,
      "median": 202.97157624944,
      "user": 961.36195356,
      "system": 348.39183898,
      "min": 199.10656078144,
      "max": 207.48814009344002,
      "times": [
        207.48814009344002,
        204.68501069344,
        201.25814180544,
        199.10656078144
      ],
      "memory_usage_byte": [
        7578886144,
        7584391168,
        7590641664,
        7599857664
      ],
      "exit_codes": [
        0,
        0,
        0,
        0
      ],
      "parameters": {
        "form": "tform -w64"
      }
    }
  ]
}
