{
  "results": [
    {
      "command": "form",
      "mean": 2782.62819898208,
      "stddev": 3.6340996081363683,
      "median": 2781.63619492908,
      "user": 2754.2777172599995,
      "system": 15.669864109999999,
      "min": 2779.70897459958,
      "max": 2787.53143147058,
      "times": [
        2787.53143147058,
        2783.23123975158,
        2779.70897459958,
        2780.04115010658
      ],
      "memory_usage_byte": [
        9213050880,
        9213050880,
        9213050880,
        9213050880
      ],
      "exit_codes": [
        0,
        0,
        0,
        0
      ],
      "parameters": {
        "form": "form"
      }
    },
    {
      "command": "tform -w4",
      "mean": 985.89793827783,
      "stddev": 4.15478462679471,
      "median": 987.44796365958,
      "user": 3448.2412722599997,
      "system": 39.86164811,
      "min": 979.94218904758,
      "max": 988.7536367445799,
      "times": [
        979.94218904758,
        986.1526671895799,
        988.74326012958,
        988.7536367445799
      ],
      "memory_usage_byte": [
        15306268672,
        15312384000,
        15315091456,
        15315091456
      ],
      "exit_codes": [
        0,
        0,
        0,
        0
      ],
      "parameters": {
        "form": "tform -w4"
      }
    },
    {
      "command": "tform -w8",
      "mean": 622.67922760183,
      "stddev": 3.5252089544970584,
      "median": 622.78441380308,
      "user": 3712.4815697599993,
      "system": 44.02650436,
      "min": 618.28411513558,
      "max": 626.8639676655799,
      "times": [
        626.8639676655799,
        622.32067721158,
        618.28411513558,
        623.24815039458
      ],
      "memory_usage_byte": [
        17234624512,
        17234624512,
        17234624512,
        17234624512
      ],
      "exit_codes": [
        0,
        0,
        0,
        0
      ],
      "parameters": {
        "form": "tform -w8"
      }
    },
    {
      "command": "tform -w16",
      "mean": 423.22392323483007,
      "stddev": 4.016285785431373,
      "median": 424.44174456108,
      "user": 4023.97617801,
      "system": 46.38628661,
      "min": 417.43715368658,
      "max": 426.57505013058005,
      "times": [
        426.57505013058005,
        423.84646156558,
        417.43715368658,
        425.03702755658003
      ],
      "memory_usage_byte": [
        19934060544,
        19954171904,
        20043227136,
        20043227136
      ],
      "exit_codes": [
        0,
        0,
        0,
        0
      ],
      "parameters": {
        "form": "tform -w16"
      }
    },
    {
      "command": "tform -w24",
      "mean": 249.76892822308,
      "stddev": 2.015920163477564,
      "median": 249.85485431458,
      "user": 2805.4414775099995,
      "system": 7.33227336,
      "min": 247.51816597858,
      "max": 251.84783828458,
      "times": [
        247.51816597858,
        251.03579419558,
        248.67391443358,
        251.84783828458
      ],
      "memory_usage_byte": [
        20043227136,
        20043227136,
        20043227136,
        20043227136
      ],
      "exit_codes": [
        0,
        0,
        0,
        0
      ],
      "parameters": {
        "form": "tform -w24"
      }
    },
    {
      "command": "tform -w32",
      "mean": 228.81687489883,
      "stddev": 3.611490142910675,
      "median": 229.28297753808,
      "user": 2842.02919451,
      "system": 7.94013611,
      "min": 224.72524270758,
      "max": 231.97630181158,
      "times": [
        231.72946966058,
        226.83648541558,
        224.72524270758,
        231.97630181158
      ],
      "memory_usage_byte": [
        20043227136,
        20043227136,
        20043227136,
        20043227136
      ],
      "exit_codes": [
        0,
        0,
        0,
        0
      ],
      "parameters": {
        "form": "tform -w32"
      }
    },
    {
      "command": "tform -w48",
      "mean": 201.11892785558,
      "stddev": 3.2445947997953337,
      "median": 201.16267072358,
      "user": 3012.92178601,
      "system": 10.42404161,
      "min": 198.18399675458,
      "max": 203.96637322058,
      "times": [
        198.18399675458,
        203.88816092657999,
        198.43718052058,
        203.96637322058
      ],
      "memory_usage_byte": [
        20043227136,
        20043227136,
        20043227136,
        20043227136
      ],
      "exit_codes": [
        0,
        0,
        0,
        0
      ],
      "parameters": {
        "form": "tform -w48"
      }
    },
    {
      "command": "tform -w64",
      "mean": 201.75318065558,
      "stddev": 1.8500132874927904,
      "median": 202.26501880158,
      "user": 3194.02577026,
      "system": 14.257819109999998,
      "min": 199.27394787158,
      "max": 203.20873714758,
      "times": [
        203.12480104658,
        199.27394787158,
        203.20873714758,
        201.40523655658
      ],
      "memory_usage_byte": [
        20043227136,
        20043227136,
        20043227136,
        20043227136
      ],
      "exit_codes": [
        0,
        0,
        0,
        0
      ],
      "parameters": {
        "form": "tform -w64"
      }
    }
  ]
}
