{
  "results": [
    {
      "command": "form",
      "mean": 233.990524966375,
      "stddev": 0.8476837486572778,
      "median": 233.88177449,
      "user": 233.0974640975,
      "system": 0.0408237725,
      "min": 233.0692841515,
      "max": 236.59924387450002,
      "times": [
        233.9711836555,
        234.5801904105,
        233.3905746545,
        233.9731269055,
        233.27385089450001,
        236.59924387450002,
        234.8862834315,
        233.7923653245,
        234.1746308065,
        233.31260743750002,
        234.07935666150001,
        233.0692841515,
        234.02758587350002,
        233.72407391750002,
        233.4979314365,
        233.49611002650002
      ],
      "memory_usage_byte": [
        458625024,
        458625024,
        458625024,
        458625024,
        458625024,
        458625024,
        458625024,
        458625024,
        458625024,
        458625024,
        458625024,
        458625024,
        458792960,
        458792960,
        460599296,
        460599296
      ],
      "exit_codes": [
        0,
        0,
        0,
        0,
        0,
        0,
        0,
        0,
        0,
        0,
        0,
        0,
        0,
        0,
        0,
        0
      ],
      "parameters": {
        "form": "form"
      }
    },
    {
      "command": "tform -w4",
      "mean": 63.46591816762501,
      "stddev": 0.1980188199796162,
      "median": 63.416628798000005,
      "user": 244.386689785,
      "system": 0.9767592724999999,
      "min": 63.2854131005,
      "max": 64.1249854985,
      "times": [
        64.1249854985,
        63.423039729500005,
        63.3322324465,
        63.405967541500004,
        63.4566346065,
        63.3635495715,
        63.3408733105,
        63.5463715205,
        63.3589441855,
        63.2854131005,
        63.619566347500005,
        63.4217222265,
        63.5515622665,
        63.332665867500005,
        63.4115353695,
        63.4796270935
      ],
      "memory_usage_byte": [
        1848623104,
        1849929728,
        1852551168,
        1859268608,
        1859268608,
        1859268608,
        1859268608,
        1859268608,
        1859268608,
        1859268608,
        1859268608,
        1859268608,
        1859829760,
        1859829760,
        1859829760,
        1859829760
      ],
      "exit_codes": [
        0,
        0,
        0,
        0,
        0,
        0,
        0,
        0,
        0,
        0,
        0,
        0,
        0,
        0,
        0,
        0
      ],
      "parameters": {
        "form": "tform -w4"
      }
    },
    {
      "command": "tform -w8",
      "mean": 35.106823149937505,
      "stddev": 0.2504019059147053,
      "median": 35.025965533000004,
      "user": 247.22441634749998,
      "system": 1.65616046,
      "min": 34.7638114005,
      "max": 35.6712230755,
      "times": [
        35.3328080415,
        34.7638114005,
        35.3033528765,
        35.0361157735,
        34.9700846215,
        34.9401114525,
        35.2598532735,
        35.2274990225,
        34.9759473005,
        35.4656505135,
        34.8924781355,
        35.0158152925,
        35.1383418555,
        35.6712230755,
        34.8693572365,
        34.846720527500004
      ],
      "memory_usage_byte": [
        2438172672,
        2439417856,
        2439749632,
        2439749632,
        2439749632,
        2439749632,
        2442010624,
        2442010624,
        2442010624,
        2442010624,
        2465603584,
        2465603584,
        2465603584,
        2465603584,
        2465603584,
        2465603584
      ],
      "exit_codes": [
        0,
        0,
        0,
        0,
        0,
        0,
        0,
        0,
        0,
        0,
        0,
        0,
        0,
        0,
        0,
        0
      ],
      "parameters": {
        "form": "tform -w8"
      }
    },
    {
      "command": "tform -w16",
      "mean": 22.2174251060625,
      "stddev": 0.15709215441480948,
      "median": 22.189392374500002,
      "user": 258.45229003500003,
      "system": 2.9575655224999995,
      "min": 22.0110808885,
      "max": 22.5213260425,
      "times": [
        22.358272651500002,
        22.299744385500002,
        22.2531717865,
        22.1609405885,
        22.1124300715,
        22.4221441755,
        22.3679668925,
        22.5213260425,
        22.0110808885,
        22.1880966665,
        22.0225374515,
        22.190688082500003,
        22.135564876500002,
        22.053179010500003,
        22.026653616500003,
        22.355004510500002
      ],
      "memory_usage_byte": [
        2854187008,
        2868604928,
        2868965376,
        2868965376,
        2868965376,
        2868965376,
        2868965376,
        2868965376,
        2868965376,
        2868965376,
        2868965376,
        2868965376,
        2868965376,
        2868965376,
        2868965376,
        2868965376
      ],
      "exit_codes": [
        0,
        0,
        0,
        0,
        0,
        0,
        0,
        0,
        0,
        0,
        0,
        0,
        0,
        0,
        0,
        0
      ],
      "parameters": {
        "form": "tform -w16"
      }
    },
    {
      "command": "tform -w24",
      "mean": 18.597835422000003,
      "stddev": 0.2800158661675531,
      "median": 18.579426065,
      "user": 269.22064816,
      "system": 3.992788897499999,
      "min": 18.1545038225,
      "max": 19.0620470375,
      "times": [
        18.339384787500002,
        18.491944184500003,
        18.687225725500003,
        18.557583477500003,
        18.8355596665,
        18.2664257495,
        18.6012686525,
        18.919250033500003,
        18.1545038225,
        18.799843277500003,
        18.975773482500003,
        19.0620470375,
        18.4988735145,
        18.259932015500002,
        18.7769681135,
        18.3387832115
      ],
      "memory_usage_byte": [
        3147419648,
        3166674944,
        3166674944,
        3187552256,
        3187552256,
        3187552256,
        3187552256,
        3187552256,
        3187552256,
        3187552256,
        3187552256,
        3187552256,
        3187552256,
        3190796288,
        3190796288,
        3190796288
      ],
      "exit_codes": [
        0,
        0,
        0,
        0,
        0,
        0,
        0,
        0,
        0,
        0,
        0,
        0,
        0,
        0,
        0,
        0
      ],
      "parameters": {
        "form": "tform -w24"
      }
    },
    {
      "command": "tform -w32",
      "mean": 16.807812946125004,
      "stddev": 0.4021361812884762,
      "median": 16.870529978500002,
      "user": 275.64881122249994,
      "system": 4.9672671474999985,
      "min": 16.115376338500003,
      "max": 17.5601551935,
      "times": [
        16.877674282500003,
        17.5601551935,
        17.122398867500003,
        16.902248182500003,
        17.4722524135,
        16.115376338500003,
        16.6432663275,
        16.9199349985,
        16.943931786500002,
        16.2769083965,
        16.7279531775,
        16.8633856745,
        16.937766527500003,
        16.5092153575,
        16.851761909500002,
        16.200777704500002
      ],
      "memory_usage_byte": [
        3427753984,
        3428315136,
        3431407616,
        3442475008,
        3442475008,
        3443585024,
        3443585024,
        3443585024,
        3443585024,
        3443585024,
        3443585024,
        3449737216,
        3449737216,
        3449737216,
        3449737216,
        3449737216
      ],
      "exit_codes": [
        0,
        0,
        0,
        0,
        0,
        0,
        0,
        0,
        0,
        0,
        0,
        0,
        0,
        0,
        0,
        0
      ],
      "parameters": {
        "form": "tform -w32"
      }
    },
    {
      "command": "tform -w48",
      "mean": 16.156879295875,
      "stddev": 0.49190688345822875,