{
  "results": [
    {
      "command": "form",
      "mean": 2356.0387258949704,
      "stddev": 0.6582863093164403,
      "median": 2355.9101940762203,
      "user": 2346.8639056300003,
      "system": 0.7943503599999999,
      "min": 2355.38848709122,
      "max": 2356.94602833622,
      "times": [
        2355.38848709122,
        2355.80778920222,
        2356.94602833622,
        2356.0125989502203
      ],
      "memory_usage_byte": [
        10385117184,
        10385117184,
        10385596416,
        10388725760
      ],
      "exit_codes": [
        0,
        0,
        0,
        0
      ],
      "parameters": {
        "form": "form"
      }
    },
    {
      "command": "tform -w4",
      "mean": 717.40716071222,
      "stddev": 11.102273333857374,
      "median": 715.31115140922,
      "user": 2606.2172423800002,
      "system": 8.71607436,
      "min": 706.81490198322,
      "max": 732.19143804722,
      "times": [
        732.19143804722,
        711.42372885422,
        719.19857396422,
        706.81490198322
      ],
      "memory_usage_byte": [
        18397523968,
        18397523968,
        18398142464,
        18398142464
      ],
      "exit_codes": [
        0,
        0,
        0,
        0
      ],
      "parameters": {
        "form": "tform -w4"
      }
    },
    {
      "command": "tform -w8",
      "mean": 442.47942553997007,
      "stddev": 4.593904501080902,
      "median": 441.74085910372,
      "user": 2789.0400718799997,
      "system": 36.34639336,
      "min": 438.38631484822,
      "max": 448.04966910422,
      "times": [
        448.04966910422,
        439.05387692722,
        444.42784128022004,
        438.38631484822
      ],
      "memory_usage_byte": [
        19193692160,
        19329466368,
        19329466368,
        19329466368
      ],
      "exit_codes": [
        0,
        0,
        0,
        0
      ],
      "parameters": {
        "form": "tform -w8"
      }
    },
    {
      "command": "tform -w16",
      "mean": 266.96090825347,
      "stddev": 1.8027336963224225,
      "median": 266.70560489222,
      "user": 2695.6479271300004,
      "system": 177.06604285999998,
      "min": 265.30851377622,
      "max": 269.12390945322,
      "times": [
        269.12390945322,
        267.75684345422,
        265.65436633022,
        265.30851377622
      ],
      "memory_usage_byte": [
        19807944704,
        19807944704,
        19818459136,
        19818459136
      ],
      "exit_codes": [
        0,
        0,
        0,
        0
      ],
      "parameters": {
        "form": "tform -w16"
      }
    },
    {
      "command": "tform -w24",
      "mean": 230.01733042897,
      "stddev": 1.1778673619502662,
      "median": 230.11687894571998,
      "user": 2855.62714013,
      "system": 543.2385321099999,
      "min": 228.48727521722,
      "max": 231.34828860721998,
      "times": [
        231.34828860721998,
        228.48727521722,
        229.99486228822,
        230.23889560322
      ],
      "memory_usage_byte": [
        20759674880,
        20759674880,
        20759674880,
        20759674880
      ],
      "exit_codes": [
        0,
        0,
        0,
        0
      ],
      "parameters": {
        "form": "tform -w24"
      }
    },
    {
      "command": "tform -w32",
      "mean": 210.74564888747,
      "stddev": 1.3591513207040282,
      "median": 210.66592099922,
      "user": 2877.90717538,
      "system": 915.5106233599998,
      "min": 209.50275068221998,
      "max": 212.14800286922,
      "times": [
        211.67035398022,
        209.50275068221998,
        209.66148801821998,
        212.14800286922
      ],
      "memory_usage_byte": [
        21339103232,
        21416652800,
        21416652800,
        21416652800
      ],
      "exit_codes": [
        0,
        0,
        0,
        0
      ],
      "parameters": {
        "form": "tform -w32"
      }
    },
    {
      "command": "tform -w48",
      "mean": 185.70780054597,
      "stddev": 0.9661431476682795,
      "median": 185.90828360522,
      "user": 2906.12199813,
      "system": 1619.3460683599997,
      "min": 184.36480173022,
      "max": 186.64983324322,
      "times": [
        184.36480173022,
        186.64983324322,
        185.78820153022,
        186.02836568022
      ],
      "memory_usage_byte": [
        22003335168,
        22003335168,
        22012063744,
        22012063744
      ],
      "exit_codes": [
        0,
        0,
        0,
        0
      ],
      "parameters": {
        "form": "tform -w48"
      }
    },
    {
      "command": "tform -w64",
      "mean": 177.71869288821998,
      "stddev": 1.9785093429415845,
      "median": 177.73168641272,
      "user": 2944.65243413,
      "system": 2385.43378511,
      "min": 175.49656524222,
      "max": 179.91483348522,
      "times": [
        176.73612747421998,
        178.72724535122,
        179.91483348522,
        175.49656524222
      ],
      "memory_usage_byte": [
        22564216832,
        22564216832,
        22564216832,
        22564216832
      ],
      "exit_codes": [
        0,
        0,
        0,
        0
      ],
      "parameters": {
        "form": "tform -w64"
      }
    }
  ]
}
