{
  "results": [
    {
      "command": "form",
      "mean": 1101.95056874939,
      "stddev": 0.8961683423829737,
      "median": 1101.5930619701398,
      "user": 1090.8334982899999,
      "system": 7.184888109999999,
      "min": 1101.34422112864,
      "max": 1103.27192992864,
      "times": [
        1101.34422112864,
        1101.73462131464,
        1103.27192992864,
        1101.45150262564
      ],
      "memory_usage_byte": [
        3282743296,
        3283546112,
        3287248896,
        3287248896
      ],
      "exit_codes": [
        0,
        0,
        0,
        0
      ],
      "parameters": {
        "form": "form"
      }
    },
    {
      "command": "tform -w4",
      "mean": 418.8209511453899,
      "stddev": 2.764724601127896,
      "median": 419.71850248114,
      "user": 1187.29437729,
      "system": 21.42052486,
      "min": 414.83857881264,
      "max": 421.00822080664,
      "times": [
        414.83857881264,
        421.00822080664,
        420.30008291063996,
        419.13692205164
      ],
      "memory_usage_byte": [
        5059612672,
        5059612672,
        5059612672,
        5059612672
      ],
      "exit_codes": [
        0,
        0,
        0,
        0
      ],
      "parameters": {
        "form": "tform -w4"
      }
    },
    {
      "command": "tform -w8",
      "mean": 321.30924444564,
      "stddev": 3.720031147196946,
      "median": 320.38645948763997,
      "user": 1285.78887729,
      "system": 40.328031859999996,
      "min": 317.97030275564,
      "max": 326.49375605164,
      "times": [
        321.33121841163995,
        319.44170056364,
        317.97030275564,
        326.49375605164
      ],
      "memory_usage_byte": [
        5372411904,
        5372411904,
        5372411904,
        5372411904
      ],
      "exit_codes": [
        0,
        0,
        0,
        0
      ],
      "parameters": {
        "form": "tform -w8"
      }
    },
    {
      "command": "tform -w16",
      "mean": 294.89455015239,
      "stddev": 2.1531960496340306,
      "median": 295.04294736314,
      "user": 1473.45811979,
      "system": 261.28258510999996,
      "min": 292.21573805964,
      "max": 297.27656782364,
      "times": [
        297.27656782364,
        294.33067150164,
        292.21573805964,
        295.75522322463996
      ],
      "memory_usage_byte": [
        5596958720,
        5648891904,
        5648891904,
        5658546176
      ],
      "exit_codes": [
        0,
        0,
        0,
        0
      ],
      "parameters": {
        "form": "tform -w16"
      }
    },
    {
      "command": "tform -w24",
      "mean": 269.99505221363995,
      "stddev": 2.5417751303298277,
      "median": 270.69123641313996,
      "user": 1583.2342530399999,
      "system": 170.96124835999998,
      "min": 266.36802736064,
      "max": 272.22970866763995,
      "times": [
        266.36802736064,
        272.22970866763995,
        270.32824963063996,
        271.05422319563996
      ],
      "memory_usage_byte": [
        5873659904,
        5873659904,
        5884067840,
        5884067840
      ],
      "exit_codes": [
        0,
        0,
        0,
        0
      ],
      "parameters": {
        "form": "tform -w24"
      }
    },
    {
      "command": "tform -w32",
      "mean": 259.73841798339,
      "stddev": 1.7046041022043616,
      "median": 259.88633987014,
      "user": 1662.05178029,
      "system": 273.20648161,
      "min": 257.56256069764,
      "max": 261.61843149564,
      "times": [
        260.33603862063995,
        261.61843149564,
        259.43664111963994,
        257.56256069764
      ],
      "memory_usage_byte": [
        6086459392,
        6152200192,
        6152200192,
        6152200192
      ],
      "exit_codes": [
        0,
        0,
        0,
        0
      ],
      "parameters": {
        "form": "tform -w32"
      }
    },
    {
      "command": "tform -w48",
      "mean": 266.44083256964,
      "stddev": 5.032320168671745,
      "median": 268.02033097414,
      "user": 1774.7760752899999,
      "system": 776.24317311,
      "min": 259.15254838763997,
      "max": 270.57011994263996,
      "times": [
        268.65790759464,
        259.15254838763997,
        270.57011994263996,
        267.38275435364
      ],
      "memory_usage_byte": [
        6689640448,
        6689640448,
        6689640448,
        6710620160
      ],
      "exit_codes": [
        0,
        0,
        0,
        0
      ],
      "parameters": {
        "form": "tform -w48"
      }
    },
    {
      "command": "tform -w64",
      "mean": 251.49206455713997,
      "stddev": 1.7583487027573474,
      "median": 251.82921455913998,
      "user": 1832.53150354,
      "system": 550.23654611,
      "min": 249.30642919064,
      "max": 253.00339991964,
      "times": [
        250.83249651964,
        252.82593259864,
        253.00339991964,
        249.30642919064
      ],
      "memory_usage_byte": [
        7061594112,
        7061594112,
        7061594112,
        7083687936
      ],
      "exit_codes": [
        0,
        0,
        0,
        0
      ],
      "parameters": {
        "form": "tform -w64"
      }
    }
  ]
}
