{
  "results": [
    {
      "command": "form",
      "mean": 21.949577546953336,
      "stddev": 0.041956618173882555,
      "median": 21.94207808302,
      "user": 21.827143039999992,
      "system": 0.021555373333333336,
      "min": 21.91017802452,
      "max": 22.15454032952,
      "times": [
        21.95536373652,
        21.92520116552,
        21.94187442552,
        21.91378892852,
        21.94216838152,
        21.985031415519998,
        21.94198778452,
        21.92199090052,
        21.94601598052,
        21.95440347952,
        21.92479745852,
        21.94824257852,
        21.93923774552,
        21.91017802452,
        21.93485651452,
        21.93712614152,
        21.94619062952,
        21.96155160152,
        21.95514018152,
        21.95122601752,
        21.933623481519998,
        22.15454032952,
        21.96380824152,
        21.94023336352,
        21.95407949352,
        21.94111031352,
        21.93076661052,
        21.966026153519998,
        21.945334804519998,
        21.921430525519998
      ],
      "memory_usage_byte": [
        161845248,
        168136704,
        168136704,
        168136704,
        168136704,
        168136704,
        168136704,
        168136704,
        168136704,
        168136704,
        168136704,
        168136704,
        168136704,
        168136704,
        168136704,
        168136704,
        168136704,
        168136704,
        168136704,
        168136704,
        168136704,
        168136704,
        168136704,
        168136704,
        168136704,
        168136704,
        168136704,
        168136704,
        168136704,
        168136704
      ],
      "exit_codes": [
        0,
        0,
        0,
        0,
        0,
        0,
        0,
        0,
        0,
        0,
        0,
        0,
        0,
        0,
        0,
        0,
        0,
        0,
        0,
        0,
        0,
        0,
        0,
        0,
        0,
        0,
        0,
        0,
        0,
        0
      ],
      "parameters": {
        "form": "form"
      }
    },
    {
      "command": "tform -w1",
      "mean": 22.30779813522,
      "stddev": 0.07538019551692375,
      "median": 22.27938502702,
      "user": 22.185007306666662,
      "system": 0.02474137333333333,
      "min": 22.25199742252,
      "max": 22.60048976052,
      "times": [
        22.25762583252,
        22.256478047519998,
        22.26434798452,
        22.471019380519998,
        22.27353089552,
        22.43370863652,
        22.27064415352,
        22.275302622519998,
        22.28780907452,
        22.27047232752,
        22.25685939852,
        22.281788758519998,
        22.34078635452,
        22.28328573952,
        22.32875492752,
        22.38224477252,
        22.26632182152,
        22.60048976052,
        22.29958598652,
        22.31823760952,
        22.30588675252,
        22.28011947452,
        22.33020105852,
        22.276288565519998,
        22.27446524552,
        22.25199742252,
        22.27865057952,
        22.28427275752,
        22.263503098519998,
        22.26926501752
      ],
      "memory_usage_byte": [
        168136704,
        168136704,
        168136704,
        168136704,
        168136704,
        168136704,
        168136704,
        168136704,
        168136704,
        168136704,
        168136704,
        168136704,
        168136704,
        168136704,
        168136704,
        168136704,
        168136704,
        168136704,
        168136704,
        168136704,
        168136704,
        168136704,
        168136704,
        168136704,
        168136704,
        168136704,
        168136704,
        168136704,
        168136704,
        168136704
      ],
      "exit_codes": [
        0,
        0,
        0,
        0,
        0,
        0,
        0,
        0,
        0,
        0,
        0,
        0,
        0,
        0,
        0,
        0,
        0,
        0,
        0,
        0,
        0,
        0,
        0,
        0,
        0,
        0,
        0,
        0,
        0,
        0
      ],
      "parameters": {
        "form": "tform -w1"
      }
    },
    {
      "command": "tform -w2",
      "mean": 11.165940607486665,
      "stddev": 0.007983309877324233,
      "median": 11.163513563519999,
      "user": 22.170051206666663,
      "system": 0.029605339999999997,
      "min": 11.15228386552,
      "max": 11.18731676052,
      "times": [
        11.17269964452,
        11.160151166519999,
        11.15228386552,
        11.156121686519999,
        11.16247370552,
        11.18297070952,
        11.17242178752,
        11.170799494519999,
        11.169757404519999,
        11.17573289652,
        11.18731676052,
        11.161078906519998,
        11.163403129519999,
        11.155582235519999,
        11.17232810152,
        11.16555139052,
        11.16294530852,
        11.160344651519999,
        11.161130045519998,
        11.164939582519999,
        11.163237169519999,
        11.177608938519999,
        11.162023937519999,
        11.17173866452,
        11.16512231552,
        11.163623997519998,
        11.159047206519999,
        11.16193920752,
        11.16457335352,
        11.159270960519999
      ],
      "memory_usage_byte": [
        200163328,
        203452416,
        203452416,
        203452416,
        203452416,
        203452416,
        203452416,
        203452416,
        203452416,
        203452416,
        203452416,
        203452416,
        203452416,
        204193792,
        204193792,
        204193792,
        204193792,
        204193792,
        204193792,
        204193792,
        204193792,
        204193792,
        204193792,
        204193792,
        204193792,
        204193792,
        204193792,
        204193792,
        204193792,
        204193792
      ],
      "exit_codes": [
        0,
        0,
        0,
        0,
        0,
        0,
        0,
        0,
        0,
        0,
        0,
        0,
        0,
        0,
        0,
        0,
        0,
        0,
        0,
        0,
        0,
        0,
        0,
        0,
        0,
        0,
        0,
        0,
        0,
        0
      ],
      "parameters": {
        "form": "tform -w2"
      }
    }
  ]
}
