{
  "results": [
    {
      "command": "form",
      "mean": 1613.56003534715,
      "stddev": 3.629605900181294,
      "median": 1612.9009583034,
      "user": 1587.57669304,
      "system": 18.33320035,
      "min": 1610.5415253354001,
      "max": 1617.8966994464001,
      "times": [
        1610.5841400464,
        1615.2177765604001,
        1610.5415253354001,
        1617.8966994464001
      ],
      "memory_usage_byte": [
        4166750208,
        4166750208,
        4169732096,
        4169732096
      ],
      "exit_codes": [
        0,
        0,
        0,
        0
      ],
      "parameters": {
        "form": "form"
      }
    },
    {
      "command": "tform -w4",
      "mean": 680.60673897565,
      "stddev": 3.354924111134517,
      "median": 681.4086561554,
      "user": 1705.90985779,
      "system": 36.85529785,
      "min": 676.1995392434001,
      "max": 683.4101043484001,
      "times": [
        676.1995392434001,
        683.0208190124,
        679.7964932984,
        683.4101043484001
      ],
      "memory_usage_byte": [
        7575068672,
        7597760512,
        7597760512,
        7600377856
      ],
      "exit_codes": [
        0,
        0,
        0,
        0
      ],
      "parameters": {
        "form": "tform -w4"
      }
    },
    {
      "command": "tform -w8",
      "mean": 546.6488338394,
      "stddev": 5.750857461601885,
      "median": 546.6179710524001,
      "user": 1836.65038679,
      "system": 58.6296516,
      "min": 540.9049831784,
      "max": 552.4544100744,
      "times": [
        550.6502559984001,
        542.5856861064001,
        552.4544100744,
        540.9049831784
      ],
      "memory_usage_byte": [
        7871152128,
        7873757184,
        7884455936,
        7884455936
      ],
      "exit_codes": [
        0,
        0,
        0,
        0
      ],
      "parameters": {
        "form": "tform -w8"
      }
    },
    {
      "command": "tform -w16",
      "mean": 480.20954110139996,
      "stddev": 2.9821573406354904,
      "median": 480.9998521824,
      "user": 2067.22670379,
      "system": 97.8943526,
      "min": 476.0400763034,
      "max": 482.7983837374,
      "times": [
        476.0400763034,
        480.1800774854,
        482.7983837374,
        481.8196268794
      ],
      "memory_usage_byte": [
        8483237888,
        8484057088,
        8532856832,
        8532856832
      ],
      "exit_codes": [
        0,
        0,
        0,
        0
      ],
      "parameters": {
        "form": "tform -w16"
      }
    },
    {
      "command": "tform -w24",
      "mean": 459.61116183714995,
      "stddev": 1.7370988926720834,
      "median": 459.30419489689996,
      "user": 2216.4614817899997,
      "system": 139.6829721,
      "min": 458.0126784724,
      "max": 461.8235790824,
      "times": [
        458.46332001039997,
        458.0126784724,
        461.8235790824,
        460.1450697834
      ],
      "memory_usage_byte": [
        9192812544,
        9192812544,
        9192812544,
        9192812544
      ],
      "exit_codes": [
        0,
        0,
        0,
        0
      ],
      "parameters": {
        "form": "tform -w24"
      }
    },
    {
      "command": "tform -w32",
      "mean": 450.49868107315,
      "stddev": 3.5653169393490183,
      "median": 450.8634435149,
      "user": 2339.8877687899994,
      "system": 229.8413001,
      "min": 445.8622444984,
      "max": 454.4055927644,
      "times": [
        450.1191827134,
        451.6077043164,
        454.4055927644,
        445.8622444984
      ],
      "memory_usage_byte": [
        9792446464,
        9792446464,
        9792446464,
        9828827136
      ],
      "exit_codes": [
        0,
        0,
        0,
        0
      ],
      "parameters": {
        "form": "tform -w32"
      }
    },
    {
      "command": "tform -w48",
      "mean": 440.48764536565,
      "stddev": 4.5783573816161,
      "median": 440.2150088559,
      "user": 2520.55145779,
      "system": 376.15903885,
      "min": 436.0436357824,
      "max": 445.4769279684,
      "times": [
        437.2072484314,
        445.4769279684,
        436.0436357824,
        443.2227692804
      ],
      "memory_usage_byte": [
        11047444480,
        11047444480,
        11047444480,
        11073163264
      ],
      "exit_codes": [
        0,
        0,
        0,
        0
      ],
      "parameters": {
        "form": "tform -w48"
      }
    },
    {
      "command": "tform -w64",
      "mean": 442.30702113739994,
      "stddev": 3.604559062693355,
      "median": 441.8307541634,
      "user": 2666.0714970399995,
      "system": 975.00371835,
      "min": 439.15280429539996,
      "max": 446.4137719274,
      "times": [
        439.15280429539996,
        439.41100296639996,
        446.4137719274,
        444.2505053604
      ],
      "memory_usage_byte": [
        12115275776,
        12115275776,
        12304945152,
        12304945152
      ],
      "exit_codes": [
        0,
        0,
        0,
        0
      ],
      "parameters": {
        "form": "tform -w64"
      }
    }
  ]
}
