{
  "results": [
    {
      "command": "form",
      "mean": 6632.57648152948,
      "stddev": 18.179410448440613,
      "median": 6630.22150129448,
      "user": 6449.031780886667,
      "system": 151.94176417333333,
      "min": 6607.81773568548,
      "max": 6664.20237068548,
      "times": [
        6634.62439261548,
        6664.20237068548,
        6631.99545760948,
        6628.37138760148,
        6628.44754497948,
        6607.81773568548
      ],
      "memory_usage_byte": [
        3969204224,
        3972833280,
        3974238208,
        3974238208,
        3974238208,
        3974238208
      ],
      "exit_codes": [
        0,
        0,
        0,
        0,
        0,
        0
      ],
      "parameters": {
        "form": "form"
      }
    },
    {
      "command": "tform -w4",
      "mean": 1688.6429465133133,
      "stddev": 7.744413337578045,
      "median": 1686.77048861548,
      "user": 5778.126673886666,
      "system": 159.86672250666666,
      "min": 1680.66050640148,
      "max": 1701.50360524648,
      "times": [
        1680.66050640148,
        1690.02459496748,
        1701.50360524648,
        1683.51638226348,
        1692.65510473948,
        1683.49748546148
      ],
      "memory_usage_byte": [
        7415939072,
        7419318272,
        7430881280,
        7430881280,
        7430881280,
        7430881280
      ],
      "exit_codes": [
        0,
        0,
        0,
        0,
        0,
        0
      ],
      "parameters": {
        "form": "tform -w4"
      }
    },
    {
      "command": "tform -w8",
      "mean": 1031.1211616431465,
      "stddev": 2.153711477841722,
      "median": 1031.12439904998,
      "user": 5974.99545272,
      "system": 167.48082584,
      "min": 1027.56284380748,
      "max": 1033.76274044148,
      "times": [
        1033.76274044148,
        1030.43800504048,
        1031.64741312548,
        1027.56284380748,
        1030.60138497448,
        1032.71458246948
      ],
      "memory_usage_byte": [
        8832090112,
        8843939840,
        8843939840,
        8852099072,
        8852099072,
        8852099072
      ],
      "exit_codes": [
        0,
        0,
        0,
        0,
        0,
        0
      ],
      "parameters": {
        "form": "tform -w8"
      }
    },
    {
      "command": "tform -w16",
      "mean": 718.6316563924801,
      "stddev": 6.5239570403503455,
      "median": 719.64817016948,
      "user": 6346.402217386666,
      "system": 181.84575167333333,
      "min": 708.94545713548,
      "max": 728.13383303748,
      "times": [
        721.21760347848,
        728.13383303748,
        714.19670436448,
        720.01812823648,
        719.27821210248,
        708.94545713548
      ],
      "memory_usage_byte": [
        11647963136,
        11647963136,
        11647963136,
        11684466688,
        11684466688,
        11684466688
      ],
      "exit_codes": [
        0,
        0,
        0,
        0,
        0,
        0
      ],
      "parameters": {
        "form": "tform -w16"
      }
    },
    {
      "command": "tform -w24",
      "mean": 606.01553845498,
      "stddev": 7.1184902564654235,
      "median": 605.16060717198,
      "user": 6675.966718553333,
      "system": 190.84023650666666,
      "min": 598.58313874248,
      "max": 614.87689737148,
      "times": [
        613.72422108248,
        598.58775918948,
        603.82967466848,
        614.87689737148,
        598.58313874248,
        606.49153967548
      ],
      "memory_usage_byte": [
        14376513536,
        14442893312,
        14442893312,
        14442893312,
        14442893312,
        14442893312
      ],
      "exit_codes": [
        0,
        0,
        0,
        0,
        0,
        0
      ],
      "parameters": {
        "form": "tform -w24"
      }
    },
    {
      "command": "tform -w32",
      "mean": 559.1071981793134,
      "stddev": 2.0360978940199552,
      "median": 559.60454727798,
      "user": 6804.963381553333,
      "system": 205.33055250666666,
      "min": 556.48129938948,
      "max": 561.64272072448,
      "times": [
        558.96510785548,
        560.34069393548,
        560.24398670048,
        561.64272072448,
        556.48129938948,
        556.96938047048
      ],
      "memory_usage_byte": [
        16858132480,
        16885764096,
        16885764096,
        16885764096,
        16944340992,
        16944340992
      ],
      "exit_codes": [
        0,
        0,
        0,
        0,
        0,
        0
      ],
      "parameters": {
        "form": "tform -w32"
      }
    },
    {
      "command": "tform -w48",
      "mean": 498.5088817583133,
      "stddev": 2.575227443061724,
      "median": 498.72451236348,
      "user": 6997.518990053333,
      "system": 236.92400067333332,
      "min": 494.55473036248,
      "max": 501.69689977348,
      "times": [
        500.28724160148,
        501.69689977348,
        497.71927699748,
        499.72974772948,
        497.06539408548,
        494.55473036248
      ],
      "memory_usage_byte": [
        19995385856,
        20050804736,
        20074991616,
        20075020288,
        20075679744,
        20075679744
      ],
      "exit_codes": [
        0,
        0,
        0,
        0,
        0,
        0
      ],
      "parameters": {
        "form": "tform -w48"
      }
    }
  ]
}
