{
  "results": [
    {
      "command": "form",
      "mean": 3087.30781234347,
      "stddev": 3.219871025326183,
      "median": 3087.19301731472,
      "user": 3056.9855311399997,
      "system": 17.6145177,
      "min": 3084.5193055607197,
      "max": 3090.32590918372,
      "times": [
        3090.32590918372,
        3084.5292160977197,
        3089.85681853172,
        3084.5193055607197
      ],
      "memory_usage_byte": [
        4149403648,
        4149403648,
        4154454016,
        4154454016
      ],
      "exit_codes": [
        0,
        0,
        0,
        0
      ],
      "parameters": {
        "form": "form"
      }
    },
    {
      "command": "tform -w4",
      "mean": 1052.37605664947,
      "stddev": 1.046799037454645,
      "median": 1051.9729168517201,
      "user": 3154.75292489,
      "system": 44.486303199999995,
      "min": 1051.6555009677202,
      "max": 1053.90289192672,
      "times": [
        1051.6555009677202,
        1051.7363847957201,
        1053.90289192672,
        1052.2094489077201
      ],
      "memory_usage_byte": [
        7288385536,
        7304024064,
        7313772544,
        7313772544
      ],
      "exit_codes": [
        0,
        0,
        0,
        0
      ],
      "parameters": {
        "form": "tform -w4"
      }
    },
    {
      "command": "tform -w8",
      "mean": 761.3256091169699,
      "stddev": 5.841377946413291,
      "median": 760.17007988922,
      "user": 3357.0561896399995,
      "system": 75.92638945,
      "min": 755.58166712472,
      "max": 769.38060956472,
      "times": [
        761.12367611472,
        769.38060956472,
        755.58166712472,
        759.2164836637199
      ],
      "memory_usage_byte": [
        7437197312,
        7437197312,
        7440723968,
        7501033472
      ],
      "exit_codes": [
        0,
        0,
        0,
        0
      ],
      "parameters": {
        "form": "tform -w8"
      }
    },
    {
      "command": "tform -w16",
      "mean": 655.7178389517201,
      "stddev": 3.237605957987076,
      "median": 655.96868454272,
      "user": 3769.4876886399998,
      "system": 615.5137349500001,
      "min": 651.85863432772,
      "max": 659.07535239372,
      "times": [
        659.07535239372,
        657.57399964472,
        654.36336944072,
        651.85863432772
      ],
      "memory_usage_byte": [
        7885496320,
        7889305600,
        7889305600,
        7889305600
      ],
      "exit_codes": [
        0,
        0,
        0,
        0
      ],
      "parameters": {
        "form": "tform -w16"
      }
    },
    {
      "command": "tform -w24",
      "mean": 587.06944959497,
      "stddev": 2.6063880739143426,
      "median": 586.2831888002199,
      "user": 4061.0657651399997,
      "system": 393.90888695,
      "min": 584.91572427172,
      "max": 590.79569650772,
      "times": [
        585.7264503167199,
        584.91572427172,
        590.79569650772,
        586.8399272837199
      ],
      "memory_usage_byte": [
        8186011648,
        8240439296,
        8247214080,
        8247214080
      ],
      "exit_codes": [
        0,
        0,
        0,
        0
      ],
      "parameters": {
        "form": "tform -w24"
      }
    },
    {
      "command": "tform -w32",
      "mean": 559.91724369497,
      "stddev": 1.6620116132466503,
      "median": 559.9596289687199,
      "user": 4256.25112239,
      "system": 623.22992595,
      "min": 557.99154097872,
      "max": 561.75817586372,
      "times": [
        559.18959890972,
        560.72965902772,
        561.75817586372,
        557.99154097872
      ],
      "memory_usage_byte": [
        8669741056,
        8764030976,
        8794095616,
        8794095616
      ],
      "exit_codes": [
        0,
        0,
        0,
        0
      ],
      "parameters": {
        "form": "tform -w32"
      }
    },
    {
      "command": "tform -w48",
      "mean": 568.78709234397,
      "stddev": 4.611259509674251,
      "median": 569.49407129622,
      "user": 4505.49651189,
      "system": 2334.3482147,
      "min": 562.52183044272,
      "max": 573.63839634072,
      "times": [
        569.45634094572,
        569.5318016467199,
        562.52183044272,
        573.63839634072
      ],
      "memory_usage_byte": [
        10015830016,
        10175954944,
        10175954944,
        10175954944
      ],
      "exit_codes": [
        0,
        0,
        0,
        0
      ],
      "parameters": {
        "form": "tform -w48"
      }
    },
    {
      "command": "tform -w64",
      "mean": 523.8582710487199,
      "stddev": 2.837733501117233,
      "median": 524.0471717622199,
      "user": 4713.34324889,
      "system": 1321.19883045,
      "min": 520.36692495072,
      "max": 526.97181571972,
      "times": [
        522.99760772972,
        520.36692495072,
        526.97181571972,
        525.09673579472
      ],
      "memory_usage_byte": [
        10859315200,
        10859315200,
        10920136704,
        10920136704
      ],
      "exit_codes": [
        0,
        0,
        0,
        0
      ],
      "parameters": {
        "form": "tform -w64"
      }
    }
  ]
}
