{
  "results": [
    {
      "command": "form",
      "mean": 8576.03669011684,
      "stddev": 3.9907537493571903,
      "median": 8576.76156722034,
      "user": 8470.60344668,
      "system": 49.78623447,
      "min": 8571.18654326084,
      "max": 8579.43708276584,
      "times": [
        8571.18654326084,
        8579.43708276584,
        8579.17412376284,
        8574.349010677839
      ],
      "memory_usage_byte": [
        13465481216,
        13466357760,
        13468823552,
        13468823552
      ],
      "exit_codes": [
        0,
        0,
        0,
        0
      ],
      "parameters": {
        "form": "form"
      }
    },
    {
      "command": "tform -w4",
      "mean": 2547.9770616488404,
      "stddev": 5.421295747115097,
      "median": 2547.0271223538402,
      "user": 9253.88949618,
      "system": 79.40242297,
      "min": 2542.63792643584,
      "max": 2555.21607545184,
      "times": [
        2545.37532216284,
        2555.21607545184,
        2542.63792643584,
        2548.67892254484
      ],
      "memory_usage_byte": [
        22869008384,
        22869008384,
        22869008384,
        22869008384
      ],
      "exit_codes": [
        0,
        0,
        0,
        0
      ],
      "parameters": {
        "form": "tform -w4"
      }
    },
    {
      "command": "tform -w8",
      "mean": 1637.42637696434,
      "stddev": 20.638805421175714,
      "median": 1629.70455280334,
      "user": 10104.86433218,
      "system": 129.24860947,
      "min": 1622.8492748768401,
      "max": 1667.44712737384,
      "times": [
        1622.8492748768401,
        1634.4421877868401,
        1667.44712737384,
        1624.96691781984
      ],
      "memory_usage_byte": [
        26806595584,
        26844692480,
        26844692480,
        26844692480
      ],
      "exit_codes": [
        0,
        0,
        0,
        0
      ],
      "parameters": {
        "form": "tform -w8"
      }
    },
    {
      "command": "tform -w16",
      "mean": 1088.4166989100902,
      "stddev": 11.172725257556042,
      "median": 1083.95488880234,
      "user": 9481.65560468,
      "system": 597.0371697200001,
      "min": 1081.00635660184,
      "max": 1104.7506614338402,
      "times": [
        1086.50070549984,
        1081.00635660184,
        1081.40907210484,
        1104.7506614338402
      ],
      "memory_usage_byte": [
        32561057792,
        32561057792,
        32588718080,
        32588718080
      ],
      "exit_codes": [
        0,
        0,
        0,
        0
      ],
      "parameters": {
        "form": "tform -w16"
      }
    },
    {
      "command": "tform -w24",
      "mean": 966.49246509309,
      "stddev": 8.049016097122706,
      "median": 964.04260928084,
      "user": 9345.776556929999,
      "system": 1563.0875542200001,
      "min": 959.8225570288399,
      "max": 978.06208478184,
      "times": [
        962.62616654184,
        965.45905201984,
        959.8225570288399,
        978.06208478184
      ],
      "memory_usage_byte": [
        39897681920,
        39966289920,
        39966289920,
        39966289920
      ],
      "exit_codes": [
        0,
        0,
        0,
        0
      ],
      "parameters": {
        "form": "tform -w24"
      }
    }
  ]
}
