{
  "results": [
    {
      "command": "form",
      "mean": 476.52928781433747,
      "stddev": 1.099250967874815,
      "median": 476.6840044754,
      "user": 474.78176374749995,
      "system": 0.0556368475,
      "min": 474.82757039489996,
      "max": 479.4369868539,
      "times": [
        477.2351435769,
        474.82757039489996,
        476.7391236169,
        475.4689373159,
        477.2473585699,
        475.6821759119,
        475.73765317289997,
        476.85761260889996,
        477.3474495599,
        475.4065671789,
        477.0580878839,
        476.92959556889997,
        479.4369868539,
        476.0892054349,
        475.77625204689997,
        476.6288853339
      ],
      "memory_usage_byte": [
        655392768,
        656101376,
        656101376,
        656101376,
        656101376,
        656101376,
        656101376,
        656101376,
        656101376,
        656101376,
        657506304,
        657690624,
        657690624,
        657690624,
        657690624,
        657690624
      ],
      "exit_codes": [
        0,
        0,
        0,
        0,
        0,
        0,
        0,
        0,
        0,
        0,
        0,
        0,
        0,
        0,
        0,
        0
      ],
      "parameters": {
        "form": "form"
      }
    },
    {
      "command": "tform -w4",
      "mean": 127.136545793775,
      "stddev": 0.3637199763280042,
      "median": 127.2850285974,
      "user": 494.81148680999996,
      "system": 1.315550535,
      "min": 126.1853194049,
      "max": 127.48027773289999,
      "times": [
        127.0587801259,
        127.2979565519,
        127.39368182189999,
        127.0706712769,
        127.0359030179,
        127.3675950879,
        126.1853194049,
        127.31029208289999,
        127.2721006429,
        127.3052208859,
        127.3706060479,
        127.3797915199,
        126.3790132799,
        127.48027773289999,
        127.01527928089999,
        127.26224393989999
      ],
      "memory_usage_byte": [
        2884734976,
        2887831552,
        2887831552,
        2890756096,
        2891481088,
        2891481088,
        2891481088,
        2891481088,
        2891481088,
        2893017088,
        2893819904,
        2893819904,
        2893819904,
        2893819904,
        2893819904,
        2893819904
      ],
      "exit_codes": [
        0,
        0,
        0,
        0,
        0,
        0,
        0,
        0,
        0,
        0,
        0,
        0,
        0,
        0,
        0,
        0
      ],
      "parameters": {
        "form": "tform -w4"
      }
    },
    {
      "command": "tform -w8",
      "mean": 67.31916001702498,
      "stddev": 0.23510034756684048,
      "median": 67.2952300069,
      "user": 501.1174519975,
      "system": 2.098169785,
      "min": 66.98030663889999,
      "max": 67.64440207989999,
      "times": [
        67.5599865849,
        67.2046684199,
        67.4886280619,
        67.62941558589999,
        67.64440207989999,
        67.0795735159,
        67.55687430889999,
        67.1230413579,
        67.5891181449,
        67.0761395489,
        67.23460490389999,
        67.39467541789999,
        67.35585510989999,
        67.1754587949,
        66.98030663889999,
        67.01381179789999
      ],
      "memory_usage_byte": [
        3148681216,
        3163058176,
        3163856896,
        3163856896,
        3163856896,
        3163856896,
        3163856896,
        3172151296,
        3172151296,
        3172151296,
        3172151296,
        3172151296,
        3172151296,
        3172151296,
        3172151296,
        3172151296
      ],
      "exit_codes": [
        0,
        0,
        0,
        0,
        0,
        0,
        0,
        0,
        0,
        0,
        0,
        0,
        0,
        0,
        0,
        0
      ],
      "parameters": {
        "form": "tform -w8"
      }
    },
    {
      "command": "tform -w16",
      "mean": 40.905405344775005,
      "stddev": 0.2511568713203491,
      "median": 40.8679141599,
      "user": 523.0279669974999,
      "system": 3.5493924725,
      "min": 40.5007483819,
      "max": 41.3219994939,
      "times": [
        41.234228053900004,
        40.653119383900005,
        41.0813244889,
        40.7343467099,
        40.6925773219,
        41.098058372900006,
        40.5007483819,
        41.3219994939,
        40.958824972900004,
        40.7549969139,
        40.6232008619,
        41.0689424909,
        40.924068828900005,
        40.759311629900004,
        41.268978119900005,
        40.8117594909
      ],
      "memory_usage_byte": [
        3380211712,
        3397316608,
        3397316608,
        3399806976,
        3399806976,
        3399806976,
        3399806976,
        3399806976,
        3399806976,
        3399806976,
        3413884928,
        3413884928,
        3413884928,
        3413884928,
        3413884928,
        3413884928
      ],
      "exit_codes": [
        0,
        0,
        0,
        0,
        0,
        0,
        0,
        0,
        0,
        0,
        0,
        0,
        0,
        0,
        0,
        0
      ],
      "parameters": {
        "form": "tform -w16"
      }
    },
    {
      "command": "tform -w24",
      "mean": 34.188548091025005,
      "stddev": 0.23064098541913772,
      "median": 34.1845074334,
      "user": 570.9899846225,
      "system": 4.8962243475000005,
      "min": 33.892627613900004,
      "max": 34.5750446809,
      "times": [
        33.927996095900006,
        33.9085072199,
        34.0606303639,
        33.892627613900004,
        34.523009577900005,
        34.292116474900006,
        34.0993093039,
        34.025855540900004,
        34.5750446809,
        34.211695996900005,
        33.9329062019,
        34.1573188699,
        34.2198383029,
        34.3525672289,
        34.5611927439,
        34.276153239900005
      ],
      "memory_usage_byte": [
        3668791296,
        3691155456,
        3691155456,
        3691155456,
        3691155456,
        3691155456,
        3691155456,
        3691155456,
        3691155456,
        3691687936,
        3691687936,
        3691687936,
        3691687936,
        3691687936,
        3691687936,
        3691687936
      ],
      "exit_codes": [
        0,
        0,
        0,
        0,
        0,
        0,
        0,
        0,
        0,
        0,
        0,
        0,
        0,
        0,
        0,
        0
      ],
      "parameters": {
        "form": "tform -w24"
      }
    },
    {
      "command": "tform -w32",
      "mean": 29.693118417525003,
      "stddev": 0.3158763198179394,
      "median": 29.6762390959,
      "user": 579.5227573099999,
      "system": 5.974358909999999,
      "min": 29.1757381679,
      "max": 30.2027003309,
      "times": [
        30.0435147609,
        30.1447243439,
        30.1730452909,
        29.4977120529,
        29.1757381679,
        29.7700301689,
        29.476877019899998,
        30.2027003309,
        29.5411349979,
        29.8003563019,
        29.4750883269,
        29.2560489789,
        29.6760508509,
        29.4751438719,
        29.705301874899998,
        29.6764273409
      ],
      "memory_usage_byte": [
        3935850496,
        3935850496,
        3935850496,
        3935850496,
        3935850496,
        3964903424,
        3966271488,
        3966271488,
        3966271488,
        3966271488,
        3966271488,
        3966271488,
        3966271488,
        3966271488,
        3966271488,
        3966271488
      ],
      "exit_codes": [
        0,
        0,
        0,
        0,
        0,
        0,
        0,
        0,
        0,
        0,
        0,
        0,
        0,
        0,
        0,
        0
      ],
      "parameters": {
        "form": "tform -w32"
      }
    },
    {
      "command": "tform -w48",
      "mean": 26.659823590775,
      "stddev": 0.27703150718829994,