{
  "results": [
    {
      "command": "form",
      "mean": 289.06500490254246,
      "stddev": 0.7567463790955758,
      "median": 289.00778472597995,
      "user": 284.16526662499996,
      "system": 3.4913855025000005,
      "min": 287.95819244498,
      "max": 290.05064715698,
      "times": [
        290.05064715698,
        288.36599981897996,
        288.07724333097997,
        289.87572474698,
        288.78696108398,
        289.76412575397995,
        287.95819244498,
        288.36001338598,
        289.22860836798,
        289.59891612298,
        289.68307491897997,
        288.48554811497996,
        289.95959786398,
        289.89284082498,
        288.49096621598,
        288.46161828798
      ],
      "memory_usage_byte": [
        1002254336,
        1002254336,
        1002254336,
        1002254336,
        1006448640,
        1006448640,
        1006448640,
        1006448640,
        1006448640,
        1006448640,
        1006448640,
        1006448640,
        1006448640,
        1006448640,
        1006448640,
        1006448640
      ],
      "exit_codes": [
        0,
        0,
        0,
        0,
        0,
        0,
        0,
        0,
        0,
        0,
        0,
        0,
        0,
        0,
        0,
        0
      ],
      "parameters": {
        "form": "form"
      }
    },
    {
      "command": "tform -w4",
      "mean": 93.48148107954249,
      "stddev": 0.35459843055143425,
      "median": 93.46244370848001,
      "user": 291.773138375,
      "system": 4.19614219,
      "min": 92.65803186498,
      "max": 94.17012186898,
      "times": [
        93.68882805298,
        93.85236023598,
        93.45393286498,
        92.65803186498,
        93.42958873898,
        93.73931675898001,
        93.21374612398,
        93.47027578398,
        93.54861007598001,
        93.81331563598,
        93.49245277898001,
        94.17012186898,
        93.42759675298001,
        92.96197564398001,
        93.32893245798,
        93.45461163298
      ],
      "memory_usage_byte": [
        2585632768,
        2585632768,
        2585632768,
        2585632768,
        2585632768,
        2585632768,
        2585632768,
        2585632768,
        2585632768,
        2599124992,
        2599124992,
        2599124992,
        2599124992,
        2599124992,
        2599124992,
        2599124992
      ],
      "exit_codes": [
        0,
        0,
        0,
        0,
        0,
        0,
        0,
        0,
        0,
        0,
        0,
        0,
        0,
        0,
        0,
        0
      ],
      "parameters": {
        "form": "tform -w4"
      }
    },
    {
      "command": "tform -w8",
      "mean": 65.65455843554251,
      "stddev": 0.9122647579010178,
      "median": 65.71987439298,
      "user": 296.7399456874999,
      "system": 4.458256815,
      "min": 64.30196668898,
      "max": 67.34241187798001,
      "times": [
        64.38381633898001,
        67.08774448898001,
        66.08050282098,
        65.55659101998,
        65.23673791498001,
        65.49452312898,
        64.97075947398001,
        66.29858239098,
        64.77286088198001,
        66.19766514598001,
        64.30196668898,
        67.34241187798001,
        65.88315776598,
        66.38647668698,
        65.89452504098001,
        64.58461330198001
      ],
      "memory_usage_byte": [
        3970863104,
        4029382656,
        4069593088,
        4069593088,
        4069593088,
        4069593088,
        4069593088,
        4069593088,
        4069593088,
        4069593088,
        4069593088,
        4069593088,
        4069593088,
        4092182528,
        4092182528,
        4092182528
      ],
      "exit_codes": [
        0,
        0,
        0,
        0,
        0,
        0,
        0,
        0,
        0,
        0,
        0,
        0,
        0,
        0,
        0,
        0
      ],
      "parameters": {
        "form": "tform -w8"
      }
    },
    {
      "command": "tform -w16",
      "mean": 54.230149551854986,
      "stddev": 0.8649356309249249,
      "median": 54.374381722980004,
      "user": 305.84022381249997,
      "system": 4.658397127500001,
      "min": 52.47330358398,
      "max": 55.74515640598,
      "times": [
        54.42156093798,
        54.41361362098,
        53.52887900998,
        54.58945466398,
        53.44033395998,
        54.92589283998,
        54.40449715098,
        52.47330358398,
        52.99874987298,
        54.59118246198,
        54.34426629498,
        55.68278935198,
        55.74515640598,
        53.80107947298,
        54.31398083298,
        54.00765236798
      ],
      "memory_usage_byte": [
        6457745408,
        6502260736,
        6502260736,
        6520287232,
        6520287232,
        6520287232,
        6520287232,
        6520287232,
        6520287232,
        6520287232,
        6520287232,
        6520287232,
        6520287232,
        6520287232,
        6520287232,
        6520287232
      ],
      "exit_codes": [
        0,
        0,
        0,
        0,
        0,
        0,
        0,
        0,
        0,
        0,
        0,
        0,
        0,
        0,
        0,
        0
      ],
      "parameters": {
        "form": "tform -w16"
      }
    },
    {
      "command": "tform -w24",
      "mean": 53.00505832922999,
      "stddev": 1.1253224539141318,
      "median": 52.821969469980004,
      "user": 317.29216875,
      "system": 5.184826815,
      "min": 51.19011728498,
      "max": 55.66640263398,
      "times": [
        53.93327391698,
        52.55510407598,
        52.06897693598,
        54.86722052798,
        53.07480710998,
        51.759628714979996,
        52.31682639998,
        52.82554580798,
        52.56311128398,
        51.19011728498,
        53.49503297298,
        53.51333415198,
        53.07272988298,
        55.66640263398,
        52.81839313198,
        52.36042843498
      ],
      "memory_usage_byte": [
        8599146496,
        8606519296,
        8647770112,
        8647770112,
        8647770112,
        8734101504,
        8734101504,
        8734101504,
        8761999360,
        8761999360,
        8761999360,
        8761999360,
        8761999360,
        8761999360,
        8761999360,
        8761999360
      ],
      "exit_codes": [
        0,
        0,
        0,
        0,
        0,
        0,
        0,
        0,
        0,
        0,
        0,
        0,
        0,
        0,
        0,
        0
      ],
      "parameters": {
        "form": "tform -w24"
      }
    },
    {
      "command": "tform -w32",
      "mean": 48.933980119604996,
      "stddev": 1.2849922784419938,
      "median": 48.96519346548,
      "user": 324.1886691875,
      "system": 6.136630439999999,
      "min": 46.54277182198,
      "max": 51.30400677498,
      "times": [
        51.30400677498,
        48.60135967998,
        49.57146371998,
        47.32231416898,
        48.524299243979996,
        47.82931305898,
        49.84872890198,
        49.32902725098,
        49.83571912998,
        49.53130031098,
        48.35512458798,
        46.54277182198,
        48.23601064398,
        49.82170857998,
        50.73715643598,
        47.55337760298
      ],
      "memory_usage_byte": [
        10730385408,
        10773692416,
        10773692416,
        10773692416,
        10773692416,
        10773692416,
        10816581632,
        10816581632,
        10816581632,
        10816581632,
        10816581632,
        10816581632,
        10816581632,
        10816581632,
        10816581632,
        10816581632
      ],
      "exit_codes": [
        0,
        0,
        0,
        0,
        0,
        0,
        0,
        0,
        0,
        0,
        0,
        0,
        0,
        0,
        0,
        0
      ],
      "parameters": {
        "form": "tform -w32"
      }
    },
    {
      "command": "tform -w48",
      "mean": 49.673287029917496,