{
  "results": [
    {
      "command": "form",
      "mean": 9550.05575294394,
      "stddev": 22.96684222002968,
      "median": 9551.85548614594,
      "user": 9491.439256553333,
      "system": 20.222423173333333,
      "min": 9516.38264039644,
      "max": 9579.938913317439,
      "times": [
        9516.38264039644,
        9533.099101092439,
        9548.50384658944,
        9555.20712570244,
        9567.202890565439,
        9579.938913317439
      ],
      "memory_usage_byte": [
        2168680448,
        2168680448,
        2168680448,
        2171924480,
        2171924480,
        2171924480
      ],
      "exit_codes": [
        0,
        0,
        0,
        0,
        0,
        0
      ],
      "parameters": {
        "form": "form"
      }
    }
  ]
}
