{
  "results": [
    {
      "command": "form",
      "mean": 289.22499583712,
      "stddev": 1.1422259427484167,
      "median": 288.98006814412,
      "user": 284.54283756,
      "system": 3.4185944375,
      "min": 287.78086587212,
      "max": 291.39642426412,
      "times": [
        288.20916070412,
        289.99157246712,
        288.28924371512,
        289.14996814312,
        289.82609629812,
        288.05803192212,
        289.67786638512,
        288.37463942712003,
        291.39642426412,
        288.61041983912,
        288.81016814512003,
        289.49378707612,
        290.81835300812,
        288.10122858512,
        291.01210754212,
        287.78086587212
      ],
      "memory_usage_byte": [
        1000157184,
        1003798528,
        1003798528,
        1003798528,
        1005899776,
        1006497792,
        1006497792,
        1006497792,
        1006497792,
        1006497792,
        1006497792,
        1006497792,
        1006497792,
        1006497792,
        1006497792,
        1006497792
      ],
      "exit_codes": [
        0,
        0,
        0,
        0,
        0,
        0,
        0,
        0,
        0,
        0,
        0,
        0,
        0,
        0,
        0,
        0
      ],
      "parameters": {
        "form": "form"
      }
    },
    {
      "command": "tform -w4",
      "mean": 93.63729784968251,
      "stddev": 0.5053262188258709,
      "median": 93.54362194812,
      "user": 292.43188593499997,
      "system": 4.0985005625,
      "min": 92.91729422112,
      "max": 94.91941978412001,
      "times": [
        93.40653563912001,
        93.48870668912001,
        94.91941978412001,
        94.00104344212001,
        93.37759291312001,
        93.37981067212,
        93.78139292612,
        93.66202832312001,
        93.96506474012001,
        94.00981668312001,
        92.94010287512,
        93.59853720712,
        93.38197349512001,
        94.18473621912001,
        92.91729422112,
        93.18270976512001
      ],
      "memory_usage_byte": [
        2557808640,
        2557808640,
        2562310144,
        2562310144,
        2564288512,
        2564288512,
        2572255232,
        2572255232,
        2572255232,
        2583375872,
        2585497600,
        2585497600,
        2585497600,
        2585497600,
        2585497600,
        2585497600
      ],
      "exit_codes": [
        0,
        0,
        0,
        0,
        0,
        0,
        0,
        0,
        0,
        0,
        0,
        0,
        0,
        0,
        0,
        0
      ],
      "parameters": {
        "form": "tform -w4"
      }
    },
    {
      "command": "tform -w8",
      "mean": 65.697057351745,
      "stddev": 0.8524249360587373,
      "median": 65.81304410762,
      "user": 296.866084185,
      "system": 4.2492290624999995,
      "min": 64.41724986412001,
      "max": 67.04273257212,
      "times": [
        64.71026584712001,
        65.70000331112,
        65.12239338812,
        64.84019752612001,
        65.92608490412,
        64.78512352512,
        66.53450151312,
        65.22969190112,
        66.78719157212001,
        66.02121389812001,
        66.08696936312,
        64.41724986412001,
        65.94578083212001,
        66.98042897212001,
        65.02308863812,
        67.04273257212
      ],
      "memory_usage_byte": [
        4037832704,
        4037832704,
        4060893184,
        4060893184,
        4060893184,
        4065841152,
        4065841152,
        4065841152,
        4065841152,
        4065841152,
        4065841152,
        4065841152,
        4065841152,
        4065841152,
        4065841152,
        4065841152
      ],
      "exit_codes": [
        0,
        0,
        0,
        0,
        0,
        0,
        0,
        0,
        0,
        0,
        0,
        0,
        0,
        0,
        0,
        0
      ],
      "parameters": {
        "form": "tform -w8"
      }
    },
    {
      "command": "tform -w16",
      "mean": 55.0981244734325,
      "stddev": 1.4405636856677804,
      "median": 55.64837548312,
      "user": 312.51656531,
      "system": 4.896178625,
      "min": 52.41351092312,
      "max": 57.16146922212,
      "times": [
        53.56267026012,
        54.12029476612,
        56.51028314712,
        57.16146922212,
        55.92027829312,
        55.75787984412,
        54.644476456119996,
        55.71669098612,
        56.80337809612,
        54.43779278712,
        55.80064979512,
        55.58005998012,
        56.37232262812,
        52.64680370512,
        52.41351092312,
        54.121430685119996
      ],
      "memory_usage_byte": [
        6499282944,
        6534696960,
        6534696960,
        6534696960,
        6534696960,
        6534696960,
        6534696960,
        6534696960,
        6534696960,
        6534696960,
        6534696960,
        6534696960,
        6586974208,
        6586974208,
        6586974208,
        6586974208
      ],
      "exit_codes": [
        0,
        0,
        0,
        0,
        0,
        0,
        0,
        0,
        0,
        0,
        0,
        0,
        0,
        0,
        0,
        0
      ],
      "parameters": {
        "form": "tform -w16"
      }
    },
    {
      "command": "tform -w24",
      "mean": 53.0625749588075,
      "stddev": 0.95783744411728,
      "median": 53.166698789120005,
      "user": 328.20022106,
      "system": 5.461052624999999,
      "min": 51.48371971012,
      "max": 54.47889045212,
      "times": [
        52.20774352912,
        52.44265474912,
        54.22504975912,
        51.48371971012,
        53.39319698412,
        52.68762513412,
        53.98601820912,
        51.88825922512,
        53.30874584112,
        53.02465173712,
        54.47889045212,
        53.89400753612,
        53.56798450412,
        54.17103192312,
        52.51050859412,
        51.73111145312
      ],
      "memory_usage_byte": [
        8669065216,
        8669065216,
        8682156032,
        8749162496,
        8749162496,
        8749162496,
        8749162496,
        8749162496,
        8749162496,
        8749162496,
        8749162496,
        8749162496,
        8749162496,
        8749162496,
        8749162496,
        8749162496
      ],
      "exit_codes": [
        0,
        0,
        0,
        0,
        0,
        0,
        0,
        0,
        0,
        0,
        0,
        0,
        0,
        0,
        0,
        0
      ],
      "parameters": {
        "form": "tform -w24"
      }
    },
    {
      "command": "tform -w32",
      "mean": 50.1136915719325,
      "stddev": 1.6094548302164278,
      "median": 49.80216535362,
      "user": 336.12078418499993,
      "system": 5.6736868125,
      "min": 48.04387945912,
      "max": 53.16212851412,
      "times": [
        48.90192248912,
        53.16212851412,
        49.74957760412,
        49.49407740212,
        48.83497921712,
        48.72705133112,
        50.39692559312,
        49.85475310312,
        52.75035727412,
        50.49138177412,
        51.25185468212,
        48.97303425912,
        52.81292788012,
        49.85564556712,
        48.04387945912,
        48.51856900112
      ],
      "memory_usage_byte": [
        10714644480,
        10781585408,
        10781585408,
        10781585408,
        10781585408,
        10781585408,
        10781585408,
        10781585408,
        10781585408,
        10781585408,
        10781585408,
        10781585408,
        10781585408,
        10781585408,
        10781585408,
        10851069952
      ],
      "exit_codes": [
        0,
        0,
        0,
        0,
        0,
        0,
        0,
        0,
        0,
        0,
        0,
        0,
        0,
        0,
        0,
        0
      ],
      "parameters": {
        "form": "tform -w32"
      }
    },
    {
      "command": "tform -w48",
      "mean": 50.01111852130749,
      "stddev": 1.943518614892101,