{
  "results": [
    {
      "command": "form",
      "mean": 11118.522839560399,
      "stddev": 9.504618226998788,
      "median": 11115.679110183399,
      "user": 10981.80398733,
      "system": 73.27800439999999,
      "min": 11110.676767990899,
      "max": 11132.0563698839,
      "times": [
        11132.0563698839,
        11113.4293960579,
        11117.9288243089,
        11110.676767990899
      ],
      "memory_usage_byte": [
        13470121984,
        13475483648,
        13475483648,
        13475483648
      ],
      "exit_codes": [
        0,
        0,
        0,
        0
      ],
      "parameters": {
        "form": "form"
      }
    },
    {
      "command": "tform -w4",
      "mean": 3233.4539426044,
      "stddev": 7.49363608622748,
      "median": 3236.5746879933995,
      "user": 11919.91856908,
      "system": 109.91744864999998,
      "min": 3222.4518685399,
      "max": 3238.2145258909,
      "times": [
        3234.9503643088997,
        3222.4518685399,
        3238.1990116778998,
        3238.2145258909
      ],
      "memory_usage_byte": [
        22872260608,
        22872260608,
        22872260608,
        22878281728
      ],
      "exit_codes": [
        0,
        0,
        0,
        0
      ],
      "parameters": {
        "form": "tform -w4"
      }
    },
    {
      "command": "tform -w8",
      "mean": 1974.53362615315,
      "stddev": 17.529059158118343,
      "median": 1971.7449717034,
      "user": 12646.15729958,
      "system": 133.07489015,
      "min": 1956.2351247199,
      "max": 1998.4094364859,
      "times": [
        1956.2351247199,
        1998.4094364859,
        1970.9200220449,
        1972.5699213619
      ],
      "memory_usage_byte": [
        26830426112,
        26846912512,
        26854518784,
        26854518784
      ],
      "exit_codes": [
        0,
        0,
        0,
        0
      ],
      "parameters": {
        "form": "tform -w8"
      }
    },
    {
      "command": "tform -w16",
      "mean": 1230.11307654465,
      "stddev": 15.421182578069132,
      "median": 1229.2151485824,
      "user": 11551.58299883,
      "system": 382.4481004,
      "min": 1212.4244881979,
      "max": 1249.5975208159,
      "times": [
        1249.5975208159,
        1212.4244881979,
        1226.1089981669,
        1232.3212989979
      ],
      "memory_usage_byte": [
        32557604864,
        32557604864,
        32557604864,
        32557604864
      ],
      "exit_codes": [
        0,
        0,
        0,
        0
      ],
      "parameters": {
        "form": "tform -w16"
      }
    },
    {
      "command": "tform -w24",
      "mean": 1010.81100159665,
      "stddev": 4.616502069868938,
      "median": 1009.8332298854,
      "user": 10886.14025633,
      "system": 814.5843506499999,
      "min": 1006.9332183919,
      "max": 1016.6443282239,
      "times": [
        1016.6443282239,
        1012.3787452479,
        1006.9332183919,
        1007.2877145229
      ],
      "memory_usage_byte": [
        39860011008,
        39926661120,
        39926661120,
        39979610112
      ],
      "exit_codes": [
        0,
        0,
        0,
        0
      ],
      "parameters": {
        "form": "tform -w24"
      }
    }
  ]
}
