{
  "results": [
    {
      "command": "form",
      "mean": 6610.923498201013,
      "stddev": 6.889790641591063,
      "median": 6612.523654177679,
      "user": 6439.323101993333,
      "system": 141.74573026666664,
      "min": 6600.719308251179,
      "max": 6618.74622133618,
      "times": [
        6616.2805557721795,
        6618.74622133618,
        6604.74759549118,
        6612.343727468179,
        6600.719308251179,
        6612.70358088718
      ],
      "memory_usage_byte": [
        3967098880,
        3971981312,
        3971981312,
        3972534272,
        3972534272,
        3973722112
      ],
      "exit_codes": [
        0,
        0,
        0,
        0,
        0,
        0
      ],
      "parameters": {
        "form": "form"
      }
    },
    {
      "command": "tform -w4",
      "mean": 1699.2621010428466,
      "stddev": 17.315690517175472,
      "median": 1693.6870782136803,
      "user": 5796.715397326666,
      "system": 164.1985071,
      "min": 1687.31912799218,
      "max": 1733.9681000841802,
      "times": [
        1733.9681000841802,
        1695.94402025818,
        1691.4456570131802,
        1695.9284994141801,
        1687.31912799218,
        1690.96720149518
      ],
      "memory_usage_byte": [
        7432896512,
        7432896512,
        7432896512,
        7432896512,
        7432896512,
        7432896512
      ],
      "exit_codes": [
        0,
        0,
        0,
        0,
        0,
        0
      ],
      "parameters": {
        "form": "tform -w4"
      }
    },
    {
      "command": "tform -w8",
      "mean": 1035.6980505060133,
      "stddev": 7.2327251567108615,
      "median": 1035.4137595131801,
      "user": 5987.252084493332,
      "system": 167.0614614333333,
      "min": 1026.28320095218,
      "max": 1048.21973140818,
      "times": [
        1032.2013239641801,
        1036.60167017418,
        1034.22584885218,
        1048.21973140818,
        1026.28320095218,
        1036.65652768518
      ],
      "memory_usage_byte": [
        8836239360,
        8836239360,
        8836239360,
        8853655552,
        8853655552,
        8853655552
      ],
      "exit_codes": [
        0,
        0,
        0,
        0,
        0,
        0
      ],
      "parameters": {
        "form": "tform -w8"
      }
    },
    {
      "command": "tform -w16",
      "mean": 716.29366375918,
      "stddev": 4.362559120352799,
      "median": 717.07828192168,
      "user": 6299.220843326667,
      "system": 182.6373631,
      "min": 708.4612325101799,
      "max": 720.87029983118,
      "times": [
        716.84160405918,
        708.4612325101799,
        719.38433154318,
        720.87029983118,
        717.3149597841799,
        714.88955482718
      ],
      "memory_usage_byte": [
        11647152128,
        11689394176,
        11689394176,
        11689394176,
        11689394176,
        11689394176
      ],
      "exit_codes": [
        0,
        0,
        0,
        0,
        0,
        0
      ],
      "parameters": {
        "form": "tform -w16"
      }
    },
    {
      "command": "tform -w24",
      "mean": 610.9611888036799,
      "stddev": 3.3978058463780445,
      "median": 610.9774803851799,
      "user": 6696.226265493332,
      "system": 190.84706759999997,
      "min": 606.60103268018,
      "max": 615.52801179618,
      "times": [
        610.65406009118,
        607.8733794361799,
        613.80974813918,
        611.3009006791799,
        615.52801179618,
        606.60103268018
      ],
      "memory_usage_byte": [
        14415958016,
        14415958016,
        14462230528,
        14462230528,
        14462230528,
        14462230528
      ],
      "exit_codes": [
        0,
        0,
        0,
        0,
        0,
        0
      ],
      "parameters": {
        "form": "tform -w24"
      }
    },
    {
      "command": "tform -w32",
      "mean": 561.8237118580133,
      "stddev": 4.05776512929394,
      "median": 561.29672515368,
      "user": 6827.31527016,
      "system": 206.13339176666668,
      "min": 556.79670319018,
      "max": 568.54177223818,
      "times": [
        568.54177223818,
        556.79670319018,
        560.75310944918,
        563.8046006111799,
        559.20574480118,
        561.84034085818
      ],
      "memory_usage_byte": [
        16945745920,
        16945745920,
        16945745920,
        16945745920,
        16963858432,
        16963858432
      ],
      "exit_codes": [
        0,
        0,
        0,
        0,
        0,
        0
      ],
      "parameters": {
        "form": "tform -w32"
      }
    },
    {
      "command": "tform -w48",
      "mean": 502.25893015734664,
      "stddev": 6.584628020809277,
      "median": 501.46218853418003,
      "user": 7056.850706993332,
      "system": 238.82829559999996,
      "min": 494.51843972018,
      "max": 512.8622520811799,
      "times": [
        494.51843972018,
        512.8622520811799,
        498.72070552218,
        504.20367154618003,
        505.32116878418003,
        497.92734329018003
      ],
      "memory_usage_byte": [
        19978498048,
        20100034560,
        20100034560,
        20100034560,
        20100034560,
        20100034560
      ],
      "exit_codes": [
        0,
        0,
        0,
        0,
        0,
        0
      ],
      "parameters": {
        "form": "tform -w48"
      }
    },
    {
      "command": "tform -w64",
      "mean": 479.5171596993467,
      "stddev": 6.466406471760672,
      "median": 479.89549199318003,
      "user": 7252.50482266,
      "system": 278.7208067666666,
      "min": 471.94963512818003,
      "max": 486.30173552918,
      "times": [
        486.30173552918,
        482.87013924518,
        476.92084474118,
        486.15565072318003,
        472.90495282918,
        471.94963512818003
      ],
      "memory_usage_byte": [
        25344659456,
        25344659456,
        25381216256,
        25381216256,
        25381216256,
        25381216256
      ],
      "exit_codes": [
        0,
        0,
        0,
        0,
        0,
        0
      ],
      "parameters": {
        "form": "tform -w64"
      }
    }
  ]
}
