{
  "results": [
    {
      "command": "form",
      "mean": 1598.57323915948,
      "stddev": 3.4751391098473925,
      "median": 1598.74495256798,
      "user": 1573.4557161799999,
      "system": 17.7441666,
      "min": 1594.16205115898,
      "max": 1602.6410003429799,
      "times": [
        1594.16205115898,
        1598.45725143198,
        1602.6410003429799,
        1599.03265370398
      ],
      "memory_usage_byte": [
        4167905280,
        4167905280,
        4167905280,
        4169072640
      ],
      "exit_codes": [
        0,
        0,
        0,
        0
      ],
      "parameters": {
        "form": "form"
      }
    },
    {
      "command": "tform -w4",
      "mean": 676.73427230098,
      "stddev": 3.7830940765631063,
      "median": 676.09112045648,
      "user": 1697.9051164299997,
      "system": 36.72581435,
      "min": 672.8490409209801,
      "max": 681.90580736998,
      "times": [
        681.90580736998,
        676.45739626798,
        675.7248446449801,
        672.8490409209801
      ],
      "memory_usage_byte": [
        7593160704,
        7598624768,
        7609405440,
        7609405440
      ],
      "exit_codes": [
        0,
        0,
        0,
        0
      ],
      "parameters": {
        "form": "tform -w4"
      }
    },
    {
      "command": "tform -w8",
      "mean": 541.1826486297301,
      "stddev": 1.160031632930521,
      "median": 541.32863386648,
      "user": 1826.4179306799997,
      "system": 56.70056085,
      "min": 539.77465235998,
      "max": 542.29867442598,
      "times": [
        541.9476773689801,
        539.77465235998,
        540.70959036398,
        542.29867442598
      ],
      "memory_usage_byte": [
        7850569728,
        7875424256,
        7886966784,
        7886966784
      ],
      "exit_codes": [
        0,
        0,
        0,
        0
      ],
      "parameters": {
        "form": "tform -w8"
      }
    },
    {
      "command": "tform -w16",
      "mean": 479.54142084873,
      "stddev": 3.4049143020360106,
      "median": 479.06480553598,
      "user": 2055.7285484299996,
      "system": 96.83157384999998,
      "min": 476.07264679997996,
      "max": 483.96342552298,
      "times": [
        483.96342552298,
        480.23516470298,
        476.07264679997996,
        477.89444636897997
      ],
      "memory_usage_byte": [
        8480075776,
        8505020416,
        8505020416,
        8505020416
      ],
      "exit_codes": [
        0,
        0,
        0,
        0
      ],
      "parameters": {
        "form": "tform -w16"
      }
    },
    {
      "command": "tform -w24",
      "mean": 458.8313417224799,
      "stddev": 2.926074823167388,
      "median": 459.87754728248,
      "user": 2216.7094956799997,
      "system": 147.06659759999997,
      "min": 454.56934593197997,
      "max": 461.00092639298,
      "times": [
        460.43653909998,
        454.56934593197997,
        459.31855546497997,
        461.00092639298
      ],
      "memory_usage_byte": [
        9284386816,
        9284386816,
        9284386816,
        9284386816
      ],
      "exit_codes": [
        0,
        0,
        0,
        0
      ],
      "parameters": {
        "form": "tform -w24"
      }
    },
    {
      "command": "tform -w32",
      "mean": 445.70635663748,
      "stddev": 2.5530649220971453,
      "median": 446.50629235698,
      "user": 2315.58493893,
      "system": 223.3265291,
      "min": 442.01622389398,
      "max": 447.79661794198,
      "times": [
        447.79661794198,
        446.12658510598,
        446.88599960797995,
        442.01622389398
      ],
      "memory_usage_byte": [
        9757888512,
        9822203904,
        9837506560,
        9837506560
      ],
      "exit_codes": [
        0,
        0,
        0,
        0
      ],
      "parameters": {
        "form": "tform -w32"
      }
    },
    {
      "command": "tform -w48",
      "mean": 431.5231554339799,
      "stddev": 2.771559403599945,
      "median": 431.62894888847995,
      "user": 2493.2655006799996,
      "system": 383.05146460000003,
      "min": 428.89640277297997,
      "max": 433.93832118598,
      "times": [
        428.89640277297997,
        433.89714033997996,
        429.36075743697995,
        433.93832118598
      ],
      "memory_usage_byte": [
        11017863168,
        11039432704,
        11039432704,
        11040862208
      ],
      "exit_codes": [
        0,
        0,
        0,
        0
      ],
      "parameters": {
        "form": "tform -w48"
      }
    },
    {
      "command": "tform -w64",
      "mean": 450.00188236072995,
      "stddev": 7.932362577176068,
      "median": 452.08583751747994,
      "user": 2641.49999468,
      "system": 1002.3137955999999,
      "min": 438.78191280298,
      "max": 457.05394160497997,
      "times": [
        457.05394160497997,
        438.78191280298,
        453.57951310398,
        450.59216193097996
      ],
      "memory_usage_byte": [
        12198211584,
        12198211584,
        12198211584,
        12198211584
      ],
      "exit_codes": [
        0,
        0,
        0,
        0
      ],
      "parameters": {
        "form": "tform -w64"
      }
    }
  ]
}
