{
  "results": [
    {
      "command": "form",
      "mean": 9599.696822342781,
      "stddev": 52.29318486434361,
      "median": 9583.82371042528,
      "user": 9541.334631593334,
      "system": 20.629099300000004,
      "min": 9548.70640641828,
      "max": 9691.22924736228,
      "times": [
        9691.22924736228,
        9626.90018003628,
        9563.697679389279,
        9548.70640641828,
        9575.02580604128,
        9592.621614809279
      ],
      "memory_usage_byte": [
        2166149120,
        2169315328,
        2169315328,
        2169315328,
        2170441728,
        2170441728
      ],
      "exit_codes": [
        0,
        0,
        0,
        0,
        0,
        0
      ],
      "parameters": {
        "form": "form"
      }
    },
    {
      "command": "tform -w4",
      "mean": 2601.2301654546136,
      "stddev": 7.0079352297778605,
      "median": 2599.45220731678,
      "user": 9944.781709426667,
      "system": 26.04068363333333,
      "min": 2593.5818655662797,
      "max": 2614.32584916528,
      "times": [
        2598.78341866728,
        2600.1209959662797,
        2614.32584916528,
        2598.47380936328,
        2593.5818655662797,
        2602.09505399928
      ],
      "memory_usage_byte": [
        5617135616,
        5617135616,
        5617135616,
        5622304768,
        5622304768,
        5622304768
      ],
      "exit_codes": [
        0,
        0,
        0,
        0,
        0,
        0
      ],
      "parameters": {
        "form": "tform -w4"
      }
    },
    {
      "command": "tform -w8",
      "mean": 1447.5834985114468,
      "stddev": 70.45404487578038,
      "median": 1405.36994926178,
      "user": 10428.328748926666,
      "system": 29.013790466666663,
      "min": 1397.66466436228,
      "max": 1543.22320040928,
      "times": [
        1543.22320040928,
        1533.46322837728,
        1402.59640335728,
        1408.14349516628,
        1400.40999939628,
        1397.66466436228
      ],
      "memory_usage_byte": [
        6223589376,
        6223589376,
        6223589376,
        6223589376,
        6223589376,
        6223589376
      ],
      "exit_codes": [
        0,
        0,
        0,
        0,
        0,
        0
      ],
      "parameters": {
        "form": "tform -w8"
      }
    },
    {
      "command": "tform -w16",
      "mean": 829.3320159922799,
      "stddev": 2.8397743768770423,
      "median": 829.2416749297801,
      "user": 10270.30830426,
      "system": 63.0943258,
      "min": 825.7369882602801,
      "max": 833.76465815628,
      "times": [
        830.6899024422801,
        828.28528108828,
        830.1980687712801,
        833.76465815628,
        827.3171972352801,
        825.7369882602801
      ],
      "memory_usage_byte": [
        7652675584,
        7652675584,
        7652675584,
        7652675584,
        7652675584,
        7653298176
      ],
      "exit_codes": [
        0,
        0,
        0,
        0,
        0,
        0
      ],
      "parameters": {
        "form": "tform -w16"
      }
    },
    {
      "command": "tform -w24",
      "mean": 663.99151120778,
      "stddev": 2.625534541898279,
      "median": 663.6241090357801,
      "user": 11082.145524593332,
      "system": 140.02600363333332,
      "min": 660.8600533042801,
      "max": 667.66243185328,
      "times": [
        667.66243185328,
        663.37027067728,
        666.40947891428,
        663.87794739428,
        661.76888510328,
        660.8600533042801
      ],
      "memory_usage_byte": [
        9498361856,
        9498361856,
        9498361856,
        9592020992,
        9592020992,
        9592020992
      ],
      "exit_codes": [
        0,
        0,
        0,
        0,
        0,
        0
      ],
      "parameters": {
        "form": "tform -w24"
      }
    },
    {
      "command": "tform -w32",
      "mean": 570.0099785657801,
      "stddev": 2.0853148722770554,
      "median": 570.7068798902801,
      "user": 11141.740345926666,
      "system": 268.8460401333333,
      "min": 567.10108677528,
      "max": 572.26666571728,
      "times": [
        571.50210669028,
        570.68363620228,
        570.7301235782801,
        567.10108677528,
        567.77625243128,
        572.26666571728
      ],
      "memory_usage_byte": [
        10892611584,
        10937638912,
        10937638912,
        10937638912,
        10937638912,
        10937638912
      ],
      "exit_codes": [
        0,
        0,
        0,
        0,
        0,
        0
      ],
      "parameters": {
        "form": "tform -w32"
      }
    },
    {
      "command": "tform -w48",
      "mean": 468.8094078269466,
      "stddev": 3.883867225615129,
      "median": 466.97843694228004,
      "user": 11374.329411593333,
      "system": 586.5673729666667,
      "min": 465.53824335828,
      "max": 474.69858267028,
      "times": [
        466.93209662828,
        465.95608643828,
        472.70666061028,
        465.53824335828,
        474.69858267028,
        467.02477725628
      ],
      "memory_usage_byte": [
        14060670976,
        14080180224,
        14080180224,
        14103937024,
        14103937024,
        14103937024
      ],
      "exit_codes": [
        0,
        0,
        0,
        0,
        0,
        0
      ],
      "parameters": {
        "form": "tform -w48"
      }
    },
    {
      "command": "tform -w64",
      "mean": 444.50292053644665,
      "stddev": 3.028055236241537,
      "median": 444.31993344228,
      "user": 11541.34580126,
      "system": 923.4728979666667,
      "min": 439.97251883628,
      "max": 448.92954706528,
      "times": [
        444.55865825228,
        448.92954706528,
        446.38624156428,
        443.08934886828,
        444.08120863228,
        439.97251883628
      ],
      "memory_usage_byte": [
        17519251456,
        17546379264,
        17546379264,
        17546379264,
        17565450240,
        17587822592
      ],
      "exit_codes": [
        0,
        0,
        0,
        0,
        0,
        0
      ],
      "parameters": {
        "form": "tform -w64"
      }
    }
  ]
}
