{
  "results": [
    {
      "command": "form",
      "mean": 82.25092384621499,
      "stddev": 0.20536532838682425,
      "median": 82.24893435934,
      "user": 81.51934687000002,
      "system": 0.33278971,
      "min": 81.98950979134,
      "max": 82.55772479534,
      "times": [
        82.44030744234,
        82.26148764034,
        82.39800505234,
        82.23638107834,
        82.55772479534,
        82.01989065933999,
        82.10408431034,
        81.98950979134
      ],
      "memory_usage_byte": [
        572665856,
        574767104,
        574767104,
        574767104,
        574767104,
        574767104,
        574767104,
        574767104
      ],
      "exit_codes": [
        0,
        0,
        0,
        0,
        0,
        0,
        0,
        0
      ],
      "parameters": {
        "form": "form"
      }
    },
    {
      "command": "tform -w4",
      "mean": 27.67769111934,
      "stddev": 0.2680104830910619,
      "median": 27.62907495634,
      "user": 84.765937245,
      "system": 0.48806908499999996,
      "min": 27.41512077134,
      "max": 28.17000596534,
      "times": [
        27.41512077134,
        27.47395122534,
        27.42112450034,
        27.66033831134,
        27.95055489334,
        27.73262168634,
        28.17000596534,
        27.59781160134
      ],
      "memory_usage_byte": [
        1421758464,
        1421758464,
        1437966336,
        1437966336,
        1437966336,
        1437966336,
        1437966336,
        1437966336
      ],
      "exit_codes": [
        0,
        0,
        0,
        0,
        0,
        0,
        0,
        0
      ],
      "parameters": {
        "form": "tform -w4"
      }
    },
    {
      "command": "tform -w8",
      "mean": 19.009534241089998,
      "stddev": 0.23648569388245846,
      "median": 18.99961902884,
      "user": 85.008783995,
      "system": 0.6592564599999999,
      "min": 18.62112769734,
      "max": 19.35204474534,
      "times": [
        18.62112769734,
        19.06265245434,
        19.24184277834,
        18.81455035734,
        18.93658560334,
        19.35204474534,
        18.91702773334,
        19.13044255934
      ],
      "memory_usage_byte": [
        2398527488,
        2398527488,
        2398527488,
        2398527488,
        2401619968,
        2401619968,
        2401619968,
        2401619968
      ],
      "exit_codes": [
        0,
        0,
        0,
        0,
        0,
        0,
        0,
        0
      ],
      "parameters": {
        "form": "tform -w8"
      }
    },
    {
      "command": "tform -w16",
      "mean": 15.782309174965,
      "stddev": 0.19573940612089658,
      "median": 15.86540917034,
      "user": 89.682874995,
      "system": 0.922088085,
      "min": 15.49178244134,
      "max": 16.05590512034,
      "times": [
        16.05590512034,
        15.54801837034,
        15.65359181334,
        15.88555902734,
        15.49178244134,
        15.88682101834,
        15.84525931334,
        15.89153629534
      ],
      "memory_usage_byte": [
        4095750144,
        4134117376,
        4143173632,
        4143173632,
        4143173632,
        4162772992,
        4162772992,
        4162772992
      ],
      "exit_codes": [
        0,
        0,
        0,
        0,
        0,
        0,
        0,
        0
      ],
      "parameters": {
        "form": "tform -w16"
      }
    },
    {
      "command": "tform -w24",
      "mean": 15.623652444840001,
      "stddev": 0.2386298238752947,
      "median": 15.58442141984,
      "user": 91.173788245,
      "system": 1.1806928349999999,
      "min": 15.36677164634,
      "max": 15.98536891134,
      "times": [
        15.39698555434,
        15.36677164634,
        15.98536891134,
        15.63366684334,
        15.40467512834,
        15.77570486334,
        15.890870615339999,
        15.53517599634
      ],
      "memory_usage_byte": [
        5727498240,
        5784494080,
        5784494080,
        5784494080,
        5784494080,
        5820731392,
        5820731392,
        5820731392
      ],
      "exit_codes": [
        0,
        0,
        0,
        0,
        0,
        0,
        0,
        0
      ],
      "parameters": {
        "form": "tform -w24"
      }
    },
    {
      "command": "tform -w32",
      "mean": 14.349801144465,
      "stddev": 0.264703840581659,
      "median": 14.349297227840001,
      "user": 94.89418424500002,
      "system": 1.61710271,
      "min": 13.93253341034,
      "max": 14.84438075534,
      "times": [
        14.19802096834,
        14.84438075534,
        14.38219691634,
        14.20426625134,
        14.48209723434,
        14.43851608034,
        13.93253341034,
        14.31639753934
      ],
      "memory_usage_byte": [
        7297634304,
        7357435904,
        7357435904,
        7357435904,
        7357435904,
        7370489856,
        7370489856,
        7370489856
      ],
      "exit_codes": [
        0,
        0,
        0,
        0,
        0,
        0,
        0,
        0
      ],
      "parameters": {
        "form": "tform -w32"
      }
    }
  ]
}
