{
  "results": [
    {
      "command": "form",
      "mean": 82.44305433262751,
      "stddev": 0.5852209070306029,
      "median": 82.18458019944,
      "user": 81.76934592249998,
      "system": 0.32194904,
      "min": 81.99177051294001,
      "max": 84.29085118294,
      "times": [
        82.60440422794001,
        83.08053435094001,
        82.01767893494001,
        84.29085118294,
        82.10712592894001,
        82.77430730494001,
        82.00221587394,
        82.07524192094,
        81.99177051294001,
        82.16289167194,
        82.14329709294,
        82.44787849594,
        82.11934923294001,
        82.20626872694001,
        82.46752410894001,
        82.59752975394001
      ],
      "memory_usage_byte": [
        572665856,
        572665856,
        574705664,
        574705664,
        574705664,
        574705664,
        574705664,
        574705664,
        574705664,
        574705664,
        574763008,
        574763008,
        574763008,
        576794624,
        576794624,
        580423680
      ],
      "exit_codes": [
        0,
        0,
        0,
        0,
        0,
        0,
        0,
        0,
        0,
        0,
        0,
        0,
        0,
        0,
        0,
        0
      ],
      "parameters": {
        "form": "form"
      }
    },
    {
      "command": "tform -w1",
      "mean": 85.66741409794001,
      "stddev": 0.13812398312924187,
      "median": 85.64340577694,
      "user": 84.99888811,
      "system": 0.32961691499999995,
      "min": 85.48940642494,
      "max": 85.98377112794,
      "times": [
        85.48940642494,
        85.68219231594,
        85.98377112794,
        85.54238615794,
        85.56666071794001,
        85.65735313494001,
        85.91093105894001,
        85.71909469594,
        85.52426819794,
        85.63881764394,
        85.64799390994001,
        85.81725606594,
        85.58600142994001,
        85.71791979394001,
        85.55742488494,
        85.63714800594
      ],
      "memory_usage_byte": [
        635551744,
        635551744,
        635551744,
        635551744,
        635551744,
        635551744,
        635551744,
        635551744,
        635551744,
        635551744,
        635551744,
        637202432,
        637202432,
        637202432,
        637202432,
        637202432
      ],
      "exit_codes": [
        0,
        0,
        0,
        0,
        0,
        0,
        0,
        0,
        0,
        0,
        0,
        0,
        0,
        0,
        0,
        0
      ],
      "parameters": {
        "form": "tform -w1"
      }
    },
    {
      "command": "tform -w2",
      "mean": 45.8498257561275,
      "stddev": 0.09916134142353622,
      "median": 45.83661440644,
      "user": 84.00515092249998,
      "system": 0.4167395399999999,
      "min": 45.71237200794,
      "max": 46.08902155994,
      "times": [
        45.78700099594,
        45.83649402494,
        45.80121929394,
        45.96416725194,
        45.98236489294,
        45.76539447594,
        45.87653119394,
        45.78110256894,
        46.08902155994,
        45.836734787939996,
        45.71237200794,
        45.87376199694,
        45.84358165994,
        45.77617147594,
        45.92249020894,
        45.74880370194
      ],
      "memory_usage_byte": [
        922439680,
        922439680,
        922439680,
        922439680,
        922439680,
        923037696,
        923037696,
        923037696,
        923037696,
        923037696,
        923037696,
        923037696,
        923037696,
        923037696,
        923037696,
        924463104
      ],
      "exit_codes": [
        0,
        0,
        0,
        0,
        0,
        0,
        0,
        0,
        0,
        0,
        0,
        0,
        0,
        0,
        0,
        0
      ],
      "parameters": {
        "form": "tform -w2"
      }
    },
    {
      "command": "tform -w4",
      "mean": 27.5943132355025,
      "stddev": 0.26641297609765524,
      "median": 27.63520778294,
      "user": 84.62734073499999,
      "system": 0.47055829,
      "min": 27.03912027194,
      "max": 28.026686446939998,
      "times": [
        27.65536616694,
        27.61504939894,
        27.69017223594,
        27.67146468694,
        27.85798489094,
        27.18060250094,
        27.363931330939998,
        27.87654391694,
        27.52552910094,
        27.44617157894,
        27.41683594694,
        27.82561447994,
        27.03912027194,
        28.026686446939998,
        27.82735549294,
        27.49058332094
      ],
      "memory_usage_byte": [
        1416409088,
        1427206144,
        1439686656,
        1439686656,
        1444192256,
        1444192256,
        1444192256,
        1444192256,
        1444192256,
        1444192256,
        1444192256,
        1444192256,
        1444192256,
        1444192256,
        1453465600,
        1453465600
      ],
      "exit_codes": [
        0,
        0,
        0,
        0,
        0,
        0,
        0,
        0,
        0,
        0,
        0,
        0,
        0,
        0,
        0,
        0
      ],
      "parameters": {
        "form": "tform -w4"
      }
    },
    {
      "command": "tform -w8",
      "mean": 19.082741653002497,
      "stddev": 0.275371631953353,
      "median": 19.128212835939998,
      "user": 85.04952029750001,
      "system": 0.6500743525,
      "min": 18.62700562594,
      "max": 19.51426069694,
      "times": [
        19.32300654994,
        19.12103970494,
        19.19082000694,
        19.51426069694,
        19.29932470694,
        19.34676418094,
        18.85049598894,
        19.48175303794,
        18.69971318994,
        19.13538596694,
        18.78106692694,
        18.85205150794,
        18.62700562594,
        18.86799597294,
        19.09678231894,
        19.13640006494
      ],
      "memory_usage_byte": [
        2388975616,
        2388975616,
        2397368320,
        2397368320,
        2397368320,
        2398531584,
        2398531584,
        2400403456,
        2400403456,
        2400403456,
        2400403456,
        2400403456,
        2400403456,
        2400403456,
        2400403456,
        2400403456
      ],
      "exit_codes": [
        0,
        0,
        0,
        0,
        0,
        0,
        0,
        0,
        0,
        0,
        0,
        0,
        0,
        0,
        0,
        0
      ],
      "parameters": {
        "form": "tform -w8"
      }
    },
    {
      "command": "tform -w16",
      "mean": 16.041271761315,
      "stddev": 0.3486145629411769,
      "median": 16.07740303594,
      "user": 89.81212148499998,
      "system": 0.9168619775,
      "min": 15.44448604694,
      "max": 16.610154797939998,
      "times": [
        16.51557629394,
        16.16754951194,
        16.610154797939998,
        16.52522177094,
        16.34601379494,
        15.732654780939999,
        16.08205686894,
        15.75365368394,
        16.19739413994,
        16.07274920294,
        15.618886587939999,
        16.11148686794,
        15.44448604694,
        15.89274841094,
        15.942131306939999,
        15.647584113939999
      ],
      "memory_usage_byte": [
        4066095104,
        4131016704,
        4131016704,
        4131016704,
        4143820800,
        4143820800,
        4143820800,
        4148129792,
        4148129792,
        4148129792,
        4148129792,
        4148129792,
        4161400832,
        4161400832,
        4161400832,
        4161400832
      ],
      "exit_codes": [
        0,
        0,
        0,
        0,
        0,
        0,
        0,
        0,
        0,
        0,
        0,
        0,
        0,
        0,
        0,
        0
      ],
      "parameters": {
        "form": "tform -w16"
      }
    },
    {
      "command": "tform -w24",
      "mean": 15.71874398969,
      "stddev": 0.30367930546123695,
      "median": 15.69133157494,
      "user": 91.51658379749999,