{
  "results": [
    {
      "command": "form",
      "mean": 638.6461454221901,
      "stddev": 1.3467234521118114,
      "median": 638.34390723644,
      "user": 636.2863628999999,
      "system": 0.10660442,
      "min": 637.36365757394,
      "max": 640.53310964194,
      "times": [
        637.36365757394,
        638.18129223094,
        640.53310964194,
        638.50652224194
      ],
      "memory_usage_byte": [
        1413783552,
        1413783552,
        1413783552,
        1413783552
      ],
      "exit_codes": [
        0,
        0,
        0,
        0
      ],
      "parameters": {
        "form": "form"
      }
    },
    {
      "command": "tform -w1",
      "mean": 664.0132823286899,
      "stddev": 1.046019821741341,
      "median": 663.74247142594,
      "user": 661.4342479,
      "system": 0.21330591999999998,
      "min": 663.18971091494,
      "max": 665.37847554794,
      "times": [
        664.28734430694,
        665.37847554794,
        663.19759854494,
        663.18971091494
      ],
      "memory_usage_byte": [
        1511469056,
        1514156032,
        1514156032,
        1514156032
      ],
      "exit_codes": [
        0,
        0,
        0,
        0
      ],
      "parameters": {
        "form": "tform -w1"
      }
    },
    {
      "command": "tform -w2",
      "mean": 331.40938148744,
      "stddev": 0.27778418842775754,
      "median": 331.36577630994,
      "user": 660.0017269,
      "system": 0.23663091999999997,
      "min": 331.13189703794,
      "max": 331.77407629194,
      "times": [
        331.27172998394,
        331.13189703794,
        331.45982263594,
        331.77407629194
      ],
      "memory_usage_byte": [
        1727143936,
        1730600960,
        1730600960,
        1730600960
      ],
      "exit_codes": [
        0,
        0,
        0,
        0
      ],
      "parameters": {
        "form": "tform -w2"
      }
    },
    {
      "command": "tform -w4",
      "mean": 165.55506463244,
      "stddev": 0.12595386588916846,
      "median": 165.54729187144,
      "user": 658.33553215,
      "system": 0.38458442,
      "min": 165.40954274494,
      "max": 165.71613204194,
      "times": [
        165.40954274494,
        165.53400715794,
        165.56057658494,
        165.71613204194
      ],
      "memory_usage_byte": [
        2184122368,
        2184798208,
        2184798208,
        2184798208
      ],
      "exit_codes": [
        0,
        0,
        0,
        0
      ],
      "parameters": {
        "form": "tform -w4"
      }
    },
    {
      "command": "tform -w8",
      "mean": 83.07265760169001,
      "stddev": 0.2177645328204951,
      "median": 83.06964491144001,
      "user": 658.9894113999999,
      "system": 0.5514854199999999,
      "min": 82.84270374594,
      "max": 83.30863683794,
      "times": [
        82.93987386894,
        83.19941595394,
        83.30863683794,
        82.84270374594
      ],
      "memory_usage_byte": [
        2879213568,
        2884370432,
        2891493376,
        2891677696
      ],
      "exit_codes": [
        0,
        0,
        0,
        0
      ],
      "parameters": {
        "form": "tform -w8"
      }
    },
    {
      "command": "tform -w16",
      "mean": 42.745035108939994,
      "stddev": 0.12331671673380466,
      "median": 42.773606705439995,
      "user": 674.6115876499999,
      "system": 0.6255964199999999,
      "min": 42.57561845894,
      "max": 42.857308565939995,
      "times": [
        42.57561845894,
        42.736993625939995,
        42.857308565939995,
        42.810219784939996
      ],
      "memory_usage_byte": [
        4098301952,
        4098301952,
        4098301952,
        4098301952
      ],
      "exit_codes": [
        0,
        0,
        0,
        0
      ],
      "parameters": {
        "form": "tform -w16"
      }
    },
    {
      "command": "tform -w24",
      "mean": 30.36538395719,
      "stddev": 0.06927946514144574,
      "median": 30.34647027944,
      "user": 716.0795456499999,
      "system": 0.77940817,
      "min": 30.30396510694,
      "max": 30.46463016294,
      "times": [
        30.34092979494,
        30.30396510694,
        30.35201076394,
        30.46463016294
      ],
      "memory_usage_byte": [
        5066387456,
        5108420608,
        5108420608,
        5108420608
      ],
      "exit_codes": [
        0,
        0,
        0,
        0
      ],
      "parameters": {
        "form": "tform -w24"
      }
    },
    {
      "command": "tform -w32",
      "mean": 22.86948761694,
      "stddev": 0.0515900800800034,
      "median": 22.88247138344,
      "user": 716.1364701499999,
      "system": 1.00257267,
      "min": 22.80249562694,
      "max": 22.91051207394,
      "times": [
        22.90964232294,
        22.80249562694,
        22.85530044394,
        22.91051207394
      ],
      "memory_usage_byte": [
        5753339904,
        5769826304,
        5799636992,
        5799636992
      ],
      "exit_codes": [
        0,
        0,
        0,
        0
      ],
      "parameters": {
        "form": "tform -w32"
      }
    },
    {
      "command": "tform -w48",
      "mean": 15.619769343689999,
      "stddev": 0.12348565327637138,
      "median": 15.614569498440002,
      "user": 727.3437781499999,
      "system": 1.11514667,
      "min": 15.498847895940001,
      "max": 15.75109048194,
      "times": [
        15.75109048194,
        15.498847895940001,
        15.531428638940001,
        15.69771035794
      ],
      "memory_usage_byte": [
        6515679232,
        6543949824,
        6543949824,
        6543949824
      ],
      "exit_codes": [
        0,
        0,
        0,
        0
      ],
      "parameters": {
        "form": "tform -w48"
      }
    },
    {
      "command": "tform -w64",
      "mean": 11.787782053940001,
      "stddev": 0.08964966032910593,
      "median": 11.76515929694,
      "user": 724.65450815,
      "system": 1.5815219199999997,
      "min": 11.70539490894,
      "max": 11.91541471294,
      "times": [
        11.70539490894,
        11.76738069494,
        11.76293789894,
        11.91541471294
      ],
      "memory_usage_byte": [
        6983708672,
        6983708672,
        6983708672,
        6985084928
      ],
      "exit_codes": [
        0,
        0,
        0,
        0
      ],
      "parameters": {
        "form": "tform -w64"
      }
    }
  ]
}
