{
  "results": [
    {
      "command": "form",
      "mean": 16.296789897906667,
      "stddev": 0.060107984564032726,
      "median": 16.272822265740004,
      "user": 16.20761763333333,
      "system": 0.018366093333333333,
      "min": 16.22659561974,
      "max": 16.446286808740002,
      "times": [
        16.264973631740002,
        16.414420009740002,
        16.30008530174,
        16.25072812674,
        16.32370316774,
        16.389071075740002,
        16.266276850740002,
        16.25653770474,
        16.23752945974,
        16.29706112674,
        16.23968704174,
        16.31483542874,
        16.242163850740003,
        16.38112047574,
        16.26603189574,
        16.24724648474,
        16.28032737074,
        16.273276059740002,
        16.34558565974,
        16.24607341574,
        16.24440007574,
        16.22659561974,
        16.30591505074,
        16.36441343874,
        16.36693908274,
        16.25578807774,
        16.35422490074,
        16.446286808740002,
        16.272368471740002,
        16.23003127174
      ],
      "memory_usage_byte": [
        161849344,
        161849344,
        161849344,
        161849344,
        161849344,
        161849344,
        161849344,
        161849344,
        161849344,
        161849344,
        161849344,
        161849344,
        161849344,
        161849344,
        161849344,
        161849344,
        161849344,
        161849344,
        161849344,
        161849344,
        161849344,
        161849344,
        161849344,
        161849344,
        161849344,
        161849344,
        161849344,
        161849344,
        161849344,
        161849344
      ],
      "exit_codes": [
        0,
        0,
        0,
        0,
        0,
        0,
        0,
        0,
        0,
        0,
        0,
        0,
        0,
        0,
        0,
        0,
        0,
        0,
        0,
        0,
        0,
        0,
        0,
        0,
        0,
        0,
        0,
        0,
        0,
        0
      ],
      "parameters": {
        "form": "form"
      }
    },
    {
      "command": "tform -w1",
      "mean": 16.49340059384,
      "stddev": 0.08794695326583063,
      "median": 16.48163747474,
      "user": 16.39989603333333,
      "system": 0.02096849333333334,
      "min": 16.36206049474,
      "max": 16.81593928374,
      "times": [
        16.48183741974,
        16.478741356740002,
        16.56029576274,
        16.475757849740003,
        16.530184071740003,
        16.51010976974,
        16.55363703074,
        16.527317302740002,
        16.81593928374,
        16.36632278874,
        16.49889218574,
        16.46257715674,
        16.399976490740002,
        16.48328163974,
        16.47409935074,
        16.52458071274,
        16.571050137740002,
        16.483153154740002,
        16.50173935474,
        16.542172937740002,
        16.66304657774,
        16.481437529740003,
        16.36206049474,
        16.47165790974,
        16.42068512574,
        16.43515454174,
        16.44761972474,
        16.43396189574,
        16.45231551674,
        16.39241274074
      ],
      "memory_usage_byte": [
        161849344,
        161849344,
        161849344,
        161849344,
        161849344,
        161849344,
        161849344,
        161849344,
        161849344,
        162607104,
        162607104,
        162627584,
        163696640,
        163696640,
        163696640,
        163696640,
        163696640,
        163696640,
        163696640,
        163696640,
        163696640,
        163696640,
        163696640,
        163696640,
        163696640,
        163696640,
        163696640,
        163696640,
        163696640,
        163696640
      ],
      "exit_codes": [
        0,
        0,
        0,
        0,
        0,
        0,
        0,
        0,
        0,
        0,
        0,
        0,
        0,
        0,
        0,
        0,
        0,
        0,
        0,
        0,
        0,
        0,
        0,
        0,
        0,
        0,
        0,
        0,
        0,
        0
      ],
      "parameters": {
        "form": "tform -w1"
      }
    },
    {
      "command": "tform -w2",
      "mean": 8.327160571073334,
      "stddev": 0.03984639802318562,
      "median": 8.32658777024,
      "user": 16.472649799999996,
      "system": 0.02718859333333333,
      "min": 8.241213739740001,
      "max": 8.39913838174,
      "times": [
        8.344520472740001,
        8.327400498740001,
        8.300903767740001,
        8.35001621874,
        8.357950757740001,
        8.37498244874,
        8.32622849174,
        8.32102531674,
        8.359182675740001,
        8.38613125474,
        8.31385072674,
        8.241213739740001,
        8.341438378740001,
        8.295082483740002,
        8.371223113740001,
        8.36291104674,
        8.34203248174,
        8.312993483740001,
        8.33751039574,
        8.264308105740001,
        8.29408208074,
        8.30267937574,
        8.253496229740001,
        8.39042250774,
        8.321574985740002,
        8.267278112740001,
        8.31400691674,
        8.39913838174,
        8.326947048740001,
        8.31428563274
      ],
      "memory_usage_byte": [
        204996608,
        204996608,
        204996608,
        204996608,
        204996608,
        204996608,
        206946304,
        206946304,
        206946304,
        206946304,
        206946304,
        206946304,
        206946304,
        206946304,
        206946304,
        206946304,
        206946304,
        206946304,
        206946304,
        206946304,
        206946304,
        206946304,
        206946304,
        206946304,
        206946304,
        213938176,
        213938176,
        213938176,
        213938176,
        213938176
      ],
      "exit_codes": [
        0,
        0,
        0,
        0,
        0,
        0,
        0,
        0,
        0,
        0,
        0,
        0,
        0,
        0,
        0,
        0,
        0,
        0,
        0,
        0,
        0,
        0,
        0,
        0,
        0,
        0,
        0,
        0,
        0,
        0
      ],
      "parameters": {
        "form": "tform -w2"
      }
    },
    {
      "command": "tform -w4",
      "mean": 4.199539684973334,
      "stddev": 0.022152665427234795,
      "median": 4.19757081724,
      "user": 16.468849799999997,
      "system": 0.038969693333333326,
      "min": 4.15964217874,
      "max": 4.26113110874,
      "times": [
        4.1938749917400004,
        4.18189149674,
        4.18857677674,
        4.26113110874,
        4.23379973574,
        4.18492939374,
        4.18363164574,
        4.20808321774,
        4.20749969174,
        4.17978841474,
        4.19745297574,
        4.18256774174,
        4.20123410274,
        4.19057773074,
        4.24240193974,
        4.15964217874,
        4.19993691574,
        4.18834107874,
        4.20172915274,
        4.20427501574,
        4.20045938674,
        4.24205984674,
        4.20490743374,
        4.17515244074,
        4.20836469874,
        4.16931180474,
        4.19768865874,
        4.19733045574,
        4.21422788174,
        4.18532263574
      ],
      "memory_usage_byte": [
        294273024,
        294273024,
        294273024,
        294273024,
        303247360,
        303247360,
        303247360,
        303247360,
        303247360,
        303247360,
        303247360,
        303247360,
        303247360,
        303247360,
        303247360,
        303247360,
        303247360,
        303247360,
        304992256,
        304992256,
        304992256,
        304992256,
        304992256,
        304992256,
        304992256,
        304992256,
        304992256,
        304992256,
        307204096,
        307204096
      ],