{
  "results": [
    {
      "command": "form",
      "mean": 656.9276052707,
      "stddev": 0.03467037956965523,
      "median": 656.9276052707,
      "user": 654.2470895399999,
      "system": 0.3177856,
      "min": 656.9030896102,
      "max": 656.9521209312,
      "times": [
        656.9030896102,
        656.9521209312
      ],
      "memory_usage_byte": [
        4057251840,
        4059402240
      ],
      "exit_codes": [
        0,
        0
      ],
      "parameters": {
        "form": "form"
      }
    }
  ]
}
