{
  "results": [
    {
      "command": "form",
      "mean": 4131.06324830004,
      "stddev": 1.1005196987825305,
      "median": 4131.344093523039,
      "user": 4086.76652503,
      "system": 25.981085819999997,
      "min": 4129.509092667039,
      "max": 4132.05571348704,
      "times": [
        4131.15006277204,
        4129.509092667039,
        4132.05571348704,
        4131.53812427404
      ],
      "memory_usage_byte": [
        4143235072,
        4146634752,
        4147703808,
        4147703808
      ],
      "exit_codes": [
        0,
        0,
        0,
        0
      ],
      "parameters": {
        "form": "form"
      }
    },
    {
      "command": "tform -w4",
      "mean": 1398.5355298242898,
      "stddev": 2.307354389681035,
      "median": 1398.63150528954,
      "user": 4234.273277779999,
      "system": 56.64889557000001,
      "min": 1396.01631933404,
      "max": 1400.86278938404,
      "times": [
        1400.07903278604,
        1400.86278938404,
        1396.01631933404,
        1397.18397779304
      ],
      "memory_usage_byte": [
        7293988864,
        7302258688,
        7302258688,
        7302258688
      ],
      "exit_codes": [
        0,
        0,
        0,
        0
      ],
      "parameters": {
        "form": "tform -w4"
      }
    },
    {
      "command": "tform -w8",
      "mean": 962.87421315929,
      "stddev": 12.344797320696397,
      "median": 958.08343576304,
      "user": 4370.210580530001,
      "system": 79.45690857,
      "min": 954.19601802704,
      "max": 981.13396308404,
      "times": [
        954.19601802704,
        981.13396308404,
        956.95440332804,
        959.21246819804
      ],
      "memory_usage_byte": [
        7470493696,
        7470493696,
        7470493696,
        7470493696
      ],
      "exit_codes": [
        0,
        0,
        0,
        0
      ],
      "parameters": {
        "form": "tform -w8"
      }
    },
    {
      "command": "tform -w16",
      "mean": 772.59028647629,
      "stddev": 5.584695029014954,
      "median": 772.66391198004,
      "user": 4610.27075503,
      "system": 400.43785431999993,
      "min": 766.02320818304,
      "max": 779.01011376204,
      "times": [
        770.51741313504,
        774.81041082504,
        766.02320818304,
        779.01011376204
      ],
      "memory_usage_byte": [
        7786958848,
        7822450688,
        7822450688,
        7822450688
      ],
      "exit_codes": [
        0,
        0,
        0,
        0
      ],
      "parameters": {
        "form": "tform -w16"
      }
    },
    {
      "command": "tform -w24",
      "mean": 712.5685486547901,
      "stddev": 6.162318175682744,
      "median": 711.08740600004,
      "user": 4871.29683278,
      "system": 248.72552132,
      "min": 707.63338251304,
      "max": 720.46600010604,
      "times": [
        714.46448495204,
        720.46600010604,
        707.71032704804,
        707.63338251304
      ],
      "memory_usage_byte": [
        8214695936,
        8214695936,
        8214695936,
        8214695936
      ],
      "exit_codes": [
        0,
        0,
        0,
        0
      ],
      "parameters": {
        "form": "tform -w24"
      }
    },
    {
      "command": "tform -w32",
      "mean": 686.02140311479,
      "stddev": 6.002307603599753,
      "median": 684.98083581404,
      "user": 5086.75331328,
      "system": 388.83622682,
      "min": 679.89235729104,
      "max": 694.23158354004,
      "times": [
        684.2933535360401,
        679.89235729104,
        694.23158354004,
        685.66831809204
      ],
      "memory_usage_byte": [
        8727777280,
        8727777280,
        8764342272,
        8764342272
      ],
      "exit_codes": [
        0,
        0,
        0,
        0
      ],
      "parameters": {
        "form": "tform -w32"
      }
    },
    {
      "command": "tform -w48",
      "mean": 662.92662365154,
      "stddev": 16.640016682916695,
      "median": 670.01144352704,
      "user": 5298.02070578,
      "system": 1657.93332782,
      "min": 638.3140648160401,
      "max": 673.36954273604,
      "times": [
        667.23218923404,
        673.36954273604,
        638.3140648160401,
        672.79069782004
      ],
      "memory_usage_byte": [
        9887510528,
        9891872768,
        9891872768,
        9902858240
      ],
      "exit_codes": [
        0,
        0,
        0,
        0
      ],
      "parameters": {
        "form": "tform -w48"
      }
    },
    {
      "command": "tform -w64",
      "mean": 628.77137578629,
      "stddev": 7.271703942364404,
      "median": 627.7585932125401,
      "user": 5585.9948655299995,
      "system": 1118.36871332,
      "min": 621.3155827540401,
      "max": 638.25273396604,
      "times": [
        638.25273396604,
        621.3155827540401,
        625.40311290904,
        630.11407351604
      ],
      "memory_usage_byte": [
        10648952832,
        10648952832,
        10712727552,
        10766004224
      ],
      "exit_codes": [
        0,
        0,
        0,
        0
      ],
      "parameters": {
        "form": "tform -w64"
      }
    }
  ]
}
