{
  "results": [
    {
      "command": "form",
      "mean": 8538.15732325698,
      "stddev": 7.868352441558425,
      "median": 8534.89650732948,
      "user": 8432.509786669998,
      "system": 51.13712228,
      "min": 8533.11964238898,
      "max": 8549.716635979981,
      "times": [
        8549.716635979981,
        8533.24255293898,
        8536.55046171998,
        8533.11964238898
      ],
      "memory_usage_byte": [
        13465186304,
        13468147712,
        13468147712,
        13468147712
      ],
      "exit_codes": [
        0,
        0,
        0,
        0
      ],
      "parameters": {
        "form": "form"
      }
    },
    {
      "command": "tform -w4",
      "mean": 2556.7797400582303,
      "stddev": 19.684868130066484,
      "median": 2558.33488789648,
      "user": 9290.725282419999,
      "system": 87.16438003,
      "min": 2531.69692017798,
      "max": 2578.75226426198,
      "times": [
        2531.69692017798,
        2578.75226426198,
        2553.55443513198,
        2563.11534066098
      ],
      "memory_usage_byte": [
        22791737344,
        22849802240,
        22849802240,
        22849802240
      ],
      "exit_codes": [
        0,
        0,
        0,
        0
      ],
      "parameters": {
        "form": "tform -w4"
      }
    },
    {
      "command": "tform -w8",
      "mean": 1621.18119592148,
      "stddev": 8.589336444993839,
      "median": 1619.78188937698,
      "user": 10040.21349717,
      "system": 178.19740653,
      "min": 1612.97497615298,
      "max": 1632.18602877898,
      "times": [
        1612.97497615298,
        1615.97626229498,
        1632.18602877898,
        1623.58751645898
      ],
      "memory_usage_byte": [
        26829774848,
        26832232448,
        26833948672,
        26833948672
      ],
      "exit_codes": [
        0,
        0,
        0,
        0
      ],
      "parameters": {
        "form": "tform -w8"
      }
    },
    {
      "command": "tform -w16",
      "mean": 1068.3237509619798,
      "stddev": 2.5733598243950193,
      "median": 1068.28525245348,
      "user": 9256.64608592,
      "system": 629.3818477799999,
      "min": 1065.68489654198,
      "max": 1071.03960239898,
      "times": [
        1065.68489654198,
        1069.94720558298,
        1071.03960239898,
        1066.62329932398
      ],
      "memory_usage_byte": [
        32521138176,
        32521138176,
        32545992704,
        32554405888
      ],
      "exit_codes": [
        0,
        0,
        0,
        0
      ],
      "parameters": {
        "form": "tform -w16"
      }
    },
    {
      "command": "tform -w24",
      "mean": 951.9277621629799,
      "stddev": 9.010383489212572,
      "median": 954.90075999048,
      "user": 8920.34220867,
      "system": 1620.77596578,
      "min": 938.9273882499799,
      "max": 958.9821404209799,
      "times": [
        938.9273882499799,
        956.78618105998,
        958.9821404209799,
        953.01533892098
      ],
      "memory_usage_byte": [
        39896596480,
        39936274432,
        39936274432,
        39936274432
      ],
      "exit_codes": [
        0,
        0,
        0,
        0
      ],
      "parameters": {
        "form": "tform -w24"
      }
    }
  ]
}
