{
  "results": [
    {
      "command": "form",
      "mean": 467.9801730351025,
      "stddev": 1.9587071222049683,
      "median": 467.58804742704,
      "user": 466.30573978749993,
      "system": 0.055176147499999995,
      "min": 465.28672998304,
      "max": 473.76880116504,
      "times": [
        466.91767688404,
        467.80242666904,
        467.26626896104,
        467.22439663004,
        468.00817323904,
        467.62951252604,
        466.49240151904,
        467.21299226804,
        467.54658232804,
        468.49785641504,
        473.76880116504,
        465.28672998304,
        471.07925359504,
        468.20657062303997,
        466.75282994604,
        467.99029581004
      ],
      "memory_usage_byte": [
        657039360,
        657039360,
        657039360,
        657039360,
        657039360,
        657039360,
        657039360,
        657039360,
        657510400,
        657510400,
        657510400,
        657510400,
        657510400,
        657510400,
        657510400,
        657510400
      ],
      "exit_codes": [
        0,
        0,
        0,
        0,
        0,
        0,
        0,
        0,
        0,
        0,
        0,
        0,
        0,
        0,
        0,
        0
      ],
      "parameters": {
        "form": "form"
      }
    },
    {
      "command": "tform -w4",
      "mean": 125.1480238941025,
      "stddev": 0.3275576279703446,
      "median": 125.13416628454,
      "user": 487.37641647499987,
      "system": 1.2948188975,
      "min": 124.60269688504,
      "max": 125.72751703904001,
      "times": [
        125.55886831004001,
        125.44975503904,
        125.25772307004,
        125.72751703904001,
        124.89448992104,
        124.99569484104,
        125.52598418304001,
        124.60269688504,
        125.09710069604,
        124.81137907204001,
        125.04686920404001,
        124.84526252104001,
        125.17123187304,
        125.24839480704,
        124.72662400904001,
        125.40879083504001
      ],
      "memory_usage_byte": [
        2893000704,
        2893000704,
        2893000704,
        2893000704,
        2893000704,
        2893000704,
        2893000704,
        2893000704,
        2893000704,
        2893000704,
        2893000704,
        2893000704,
        2893000704,
        2893000704,
        2893000704,
        2893000704
      ],
      "exit_codes": [
        0,
        0,
        0,
        0,
        0,
        0,
        0,
        0,
        0,
        0,
        0,
        0,
        0,
        0,
        0,
        0
      ],
      "parameters": {
        "form": "tform -w4"
      }
    },
    {
      "command": "tform -w8",
      "mean": 66.20251830397751,
      "stddev": 0.30044463752885897,
      "median": 66.23029243004001,
      "user": 492.85218178749994,
      "system": 2.1035816474999995,
      "min": 65.74729636204,
      "max": 66.85422408904,
      "times": [
        66.26991166004001,
        66.85422408904,
        66.39677875004,
        65.74729636204,
        65.91893102304,
        66.20341303604,
        66.21931257204001,
        66.40192686904001,
        65.79723146404001,
        65.88054296804,
        66.20663613704001,
        66.24127228804001,
        65.89387594204001,
        66.24215904304,
        66.61616052304001,
        66.35062013704001
      ],
      "memory_usage_byte": [
        3146235904,
        3153035264,
        3171975168,
        3171975168,
        3171975168,
        3171975168,
        3171975168,
        3171975168,
        3171975168,
        3171975168,
        3171975168,
        3171975168,
        3171975168,
        3171975168,
        3171975168,
        3171975168
      ],
      "exit_codes": [
        0,
        0,
        0,
        0,
        0,
        0,
        0,
        0,
        0,
        0,
        0,
        0,
        0,
        0,
        0,
        0
      ],
      "parameters": {
        "form": "tform -w8"
      }
    },
    {
      "command": "tform -w16",
      "mean": 39.7832242397275,
      "stddev": 0.23247665467308498,
      "median": 39.75883363454,
      "user": 506.84508591249994,
      "system": 3.4512141474999996,
      "min": 39.47018080804,
      "max": 40.317390214039996,
      "times": [
        40.317390214039996,
        39.77316601204,
        39.99506514704,
        40.146595323039996,
        39.73455441004,
        39.47545411504,
        39.93607440004,
        39.77285659204,
        39.51125517804,
        39.64254130004,
        39.74481067704,
        39.68526118104,
        39.82863118604,
        39.47018080804,
        39.85016887704,
        39.64758241504
      ],
      "memory_usage_byte": [
        3394711552,
        3395141632,
        3395375104,
        3395375104,
        3412447232,
        3412447232,
        3412447232,
        3412447232,
        3412447232,
        3412447232,
        3412447232,
        3412447232,
        3412447232,
        3412447232,
        3412447232,
        3412447232
      ],
      "exit_codes": [
        0,
        0,
        0,
        0,
        0,
        0,
        0,
        0,
        0,
        0,
        0,
        0,
        0,
        0,
        0,
        0
      ],
      "parameters": {
        "form": "tform -w16"
      }
    },
    {
      "command": "tform -w24",
      "mean": 32.6527056218525,
      "stddev": 0.34884931204643344,
      "median": 32.669305674040004,
      "user": 540.6316022875,
      "system": 4.7199223974999995,
      "min": 32.04554827304,
      "max": 33.55324401804,
      "times": [
        32.60782227404,
        32.752077340039996,
        32.42077107804,
        32.04554827304,
        32.42342444204,
        32.441508524039996,
        32.94146368704,
        32.21911925904,
        32.81528555904,
        32.76664898504,
        32.65746886104,
        32.77350873704,
        32.95141152604,
        32.68114248704,
        33.55324401804,
        32.39284489904
      ],
      "memory_usage_byte": [
        3651256320,
        3651256320,
        3661811712,
        3672195072,
        3672195072,
        3672195072,
        3672195072,
        3672195072,
        3683856384,
        3683856384,
        3683856384,
        3683856384,
        3683856384,
        3683856384,
        3685625856,
        3685625856
      ],
      "exit_codes": [
        0,
        0,
        0,
        0,
        0,
        0,
        0,
        0,
        0,
        0,
        0,
        0,
        0,
        0,
        0,
        0
      ],
      "parameters": {
        "form": "tform -w24"
      }
    },
    {
      "command": "tform -w32",
      "mean": 28.308261435915004,
      "stddev": 0.2587065214966649,
      "median": 28.19388842554,
      "user": 546.8659490375001,
      "system": 5.879952085,
      "min": 28.00135324504,
      "max": 28.88537739504,
      "times": [
        28.185813497039998,
        28.23061790104,
        28.20196335404,
        28.00135324504,
        28.68993780504,
        28.88537739504,
        28.694884339039998,
        28.43716898404,
        28.08913229804,
        28.530135948039998,
        28.07671659504,
        28.15879605504,
        28.18027101104,
        28.21554256504,
        28.18337837604,
        28.17109360604
      ],
      "memory_usage_byte": [
        3943473152,
        3957321728,
        3957321728,
        3957321728,
        3957321728,
        3957321728,
        3957321728,
        3957321728,
        3957321728,
        3957321728,
        3957321728,
        3957321728,
        3957321728,
        3957321728,
        3957321728,
        3957321728
      ],
      "exit_codes": [
        0,
        0,
        0,
        0,
        0,
        0,
        0,
        0,
        0,
        0,
        0,
        0,
        0,
        0,
        0,
        0
      ],
      "parameters": {
        "form": "tform -w32"
      }
    },
    {
      "command": "tform -w48",
      "mean": 25.272019125102496,