{
  "results": [
    {
      "command": "form",
      "mean": 402.707712948975,
      "stddev": 1.0254626768439319,
      "median": 403.13102361209997,
      "user": 395.7829228825,
      "system": 4.861106260000001,
      "min": 400.8145526821,
      "max": 404.3543013831,
      "times": [
        403.1886732801,
        402.6349935051,
        400.8145526821,
        403.29176862509996,
        403.4778350441,
        401.4351117891,
        403.07337394409996,
        401.80974432109997,
        401.1960485751,
        403.28097219709997,
        403.28129370209996,
        403.7131486261,
        403.54665181909996,
        402.5493934681,
        401.6755442221,
        404.3543013831
      ],
      "memory_usage_byte": [
        1004355584,
        1006448640,
        1006448640,
        1006448640,
        1006448640,
        1006448640,
        1006448640,
        1006448640,
        1006448640,
        1006448640,
        1006448640,
        1006448640,
        1006448640,
        1006448640,
        1006448640,
        1006448640
      ],
      "exit_codes": [
        0,
        0,
        0,
        0,
        0,
        0,
        0,
        0,
        0,
        0,
        0,
        0,
        0,
        0,
        0,
        0
      ],
      "parameters": {
        "form": "form"
      }
    },
    {
      "command": "tform -w4",
      "mean": 127.7939493246625,
      "stddev": 0.9456834331417947,
      "median": 127.55002462659999,
      "user": 400.11054750750003,
      "system": 5.8031481975000005,
      "min": 126.6642358931,
      "max": 130.2041634791,
      "times": [
        127.56193704409999,
        127.5932121641,
        127.7794768511,
        127.06187962509999,
        130.2041634791,
        127.4494545291,
        126.6642358931,
        128.19844245410002,
        129.0254924941,
        129.2327243811,
        127.0015115831,
        127.2516222731,
        127.79809820109999,
        127.53811220909999,
        127.3549878481,
        126.9878381651
      ],
      "memory_usage_byte": [
        2570989568,
        2588962816,
        2588962816,
        2588962816,
        2588962816,
        2591019008,
        2591019008,
        2591019008,
        2618769408,
        2618769408,
        2618769408,
        2618769408,
        2618769408,
        2618769408,
        2618769408,
        2618769408
      ],
      "exit_codes": [
        0,
        0,
        0,
        0,
        0,
        0,
        0,
        0,
        0,
        0,
        0,
        0,
        0,
        0,
        0,
        0
      ],
      "parameters": {
        "form": "tform -w4"
      }
    },
    {
      "command": "tform -w8",
      "mean": 87.88808232172501,
      "stddev": 0.9440173629128515,
      "median": 87.9375426141,
      "user": 403.64691481999995,
      "system": 5.77806751,
      "min": 86.07135615509999,
      "max": 90.2100631901,
      "times": [
        87.6163089901,
        86.07135615509999,
        87.85833988009999,
        87.9491062461,
        86.6694957141,
        88.2271136471,
        90.2100631901,
        88.53308682309999,
        86.6965528631,
        88.31267993409999,
        87.4340059211,
        87.92597898209999,
        88.4654636441,
        87.9689332461,
        87.7409885681,
        88.5298433431
      ],
      "memory_usage_byte": [
        4000006144,
        4015104000,
        4015104000,
        4015104000,
        4015104000,
        4015104000,
        4015104000,
        4015104000,
        4016701440,
        4026626048,
        4043337728,
        4046688256,
        4046688256,
        4046688256,
        4046688256,
        4046688256
      ],
      "exit_codes": [
        0,
        0,
        0,
        0,
        0,
        0,
        0,
        0,
        0,
        0,
        0,
        0,
        0,
        0,
        0,
        0
      ],
      "parameters": {
        "form": "tform -w8"
      }
    },
    {
      "command": "tform -w16",
      "mean": 71.219827170725,
      "stddev": 1.042573042484358,
      "median": 71.0860559736,
      "user": 406.4250730075,
      "system": 5.727631322499999,
      "min": 70.0956705261,
      "max": 73.8853963511,
      "times": [
        71.0230482011,
        70.29183743109999,
        71.1490637461,
        70.4345658211,
        70.76339564509999,
        73.8853963511,
        72.2733381931,
        71.56712236509999,
        72.1712402881,
        71.2606115671,
        70.3097254811,
        72.12278711709999,
        70.0956705261,
        71.7828510831,
        70.19539685209999,
        70.1911840631
      ],
      "memory_usage_byte": [
        6455795712,
        6455795712,
        6455795712,
        6483230720,
        6483230720,
        6494429184,
        6494429184,
        6494429184,
        6494429184,
        6515216384,
        6515216384,
        6515216384,
        6515216384,
        6539321344,
        6539321344,
        6539321344
      ],
      "exit_codes": [
        0,
        0,
        0,
        0,
        0,
        0,
        0,
        0,
        0,
        0,
        0,
        0,
        0,
        0,
        0,
        0
      ],
      "parameters": {
        "form": "tform -w16"
      }
    },
    {
      "command": "tform -w24",
      "mean": 68.88203001478749,
      "stddev": 1.5208717689521878,
      "median": 68.9307135521,
      "user": 409.0381818199999,
      "system": 6.325779259999999,
      "min": 66.6000832471,
      "max": 71.5291037331,
      "times": [
        70.72121563809999,
        68.7002210891,
        66.8559299781,
        70.8827669671,
        71.5291037331,
        68.4416567591,
        69.4190148261,
        70.16370537809999,
        69.8427326291,
        69.1647481201,
        66.7567862271,
        66.6000832471,
        67.4229141271,
        68.5741009651,
        67.8762945371,
        69.16120601509999
      ],
      "memory_usage_byte": [
        8599691264,
        8632107008,
        8632107008,
        8682987520,
        8682987520,
        8682987520,
        8682987520,
        8682987520,
        8682987520,
        8682987520,
        8682987520,
        8682987520,
        8682987520,
        8737689600,
        8737689600,
        8737689600
      ],
      "exit_codes": [
        0,
        0,
        0,
        0,
        0,
        0,
        0,
        0,
        0,
        0,
        0,
        0,
        0,
        0,
        0,
        0
      ],
      "parameters": {
        "form": "tform -w24"
      }
    },
    {
      "command": "tform -w32",
      "mean": 63.2367048466625,
      "stddev": 1.7582014036381068,
      "median": 63.0610802631,
      "user": 412.10731607,
      "system": 6.6775193225,
      "min": 59.3717307091,
      "max": 67.0836575131,
      "times": [
        63.7200218961,
        63.188969974100004,
        63.0681383151,
        65.6960141431,
        64.63882179309999,
        62.503876205100006,
        63.054022211100005,
        67.0836575131,
        59.3717307091,
        62.039676994100006,
        63.643711596100005,
        64.6498169291,
        61.816543278100006,
        62.3912401161,
        62.106144194100004,
        62.8148916791
      ],
      "memory_usage_byte": [
        10739965952,
        10739965952,
        10748309504,
        10748309504,
        10748309504,
        10748309504,
        10748309504,
        10748309504,
        10748407808,
        10813677568,
        10813677568,
        10813677568,
        10813677568,
        10813677568,
        10813677568,
        10813677568
      ],
      "exit_codes": [
        0,
        0,
        0,
        0,
        0,
        0,
        0,
        0,
        0,
        0,
        0,
        0,
        0,
        0,
        0,
        0
      ],
      "parameters": {
        "form": "tform -w32"
      }
    },
    {
      "command": "tform -w48",
      "mean": 63.81536456172499,
      "stddev": 1.6074462690791693,