{
  "results": [
    {
      "command": "form",
      "mean": 8710.038609724821,
      "stddev": 11.152753528256072,
      "median": 8708.86177472232,
      "user": 8447.73997698,
      "system": 216.72627293999997,
      "min": 8695.790484244819,
      "max": 8722.73380006982,
      "times": [
        8722.44533467982,
        8712.65610447182,
        8705.06744497282,
        8695.790484244819,
        8722.73380006982,
        8701.538489909819
      ],
      "memory_usage_byte": [
        3965018112,
        3967520768,
        3967520768,
        3967520768,
        3967520768,
        3968585728
      ],
      "exit_codes": [
        0,
        0,
        0,
        0,
        0,
        0
      ],
      "parameters": {
        "form": "form"
      }
    },
    {
      "command": "tform -w4",
      "mean": 2274.8679923836535,
      "stddev": 4.793020581861181,
      "median": 2276.08244280082,
      "user": 7770.365567813334,
      "system": 228.02887160666668,
      "min": 2268.52747382482,
      "max": 2280.72716200282,
      "times": [
        2275.00491930382,
        2269.82206622582,
        2268.52747382482,
        2277.15996629782,
        2277.96636664682,
        2280.72716200282
      ],
      "memory_usage_byte": [
        7419240448,
        7419240448,
        7419240448,
        7431233536,
        7431233536,
        7431233536
      ],
      "exit_codes": [
        0,
        0,
        0,
        0,
        0,
        0
      ],
      "parameters": {
        "form": "tform -w4"
      }
    }
  ]
}
