{
  "results": [
    {
      "command": "form",
      "mean": 2212.78147134197,
      "stddev": 13.881421487142982,
      "median": 2210.72924232922,
      "user": 2175.31179275,
      "system": 26.34622813,
      "min": 2198.31155701022,
      "max": 2231.3558436992203,
      "times": [
        2207.96585939922,
        2231.3558436992203,
        2198.31155701022,
        2213.49262525922
      ],
      "memory_usage_byte": [
        4171190272,
        4171190272,
        4171190272,
        4171190272
      ],
      "exit_codes": [
        0,
        0,
        0,
        0
      ],
      "parameters": {
        "form": "form"
      }
    },
    {
      "command": "tform -w4",
      "mean": 914.54979860272,
      "stddev": 1.3544032645776751,
      "median": 914.64634127022,
      "user": 2311.04661575,
      "system": 46.41353388,
      "min": 913.01680024922,
      "max": 915.8897116212199,
      "times": [
        913.82807090322,
        915.8897116212199,
        913.01680024922,
        915.46461163722
      ],
      "memory_usage_byte": [
        7607681024,
        7607681024,
        7607681024,
        7607681024
      ],
      "exit_codes": [
        0,
        0,
        0,
        0
      ],
      "parameters": {
        "form": "tform -w4"
      }
    },
    {
      "command": "tform -w8",
      "mean": 708.8731540484699,
      "stddev": 2.4193160671596727,
      "median": 708.8732329322199,
      "user": 2395.632759,
      "system": 57.673955629999995,
      "min": 706.68378590022,
      "max": 711.06236442922,
      "times": [
        710.86989210522,
        706.8765737592199,
        706.68378590022,
        711.06236442922
      ],
      "memory_usage_byte": [
        7876857856,
        7876857856,
        7876857856,
        7884275712
      ],
      "exit_codes": [
        0,
        0,
        0,
        0
      ],
      "parameters": {
        "form": "tform -w8"
      }
    },
    {
      "command": "tform -w16",
      "mean": 602.3997731992199,
      "stddev": 4.549197644814754,
      "median": 604.2206720427199,
      "user": 2532.7379980000005,
      "system": 85.80529013,
      "min": 595.64082415722,
      "max": 605.5169245542199,
      "times": [
        604.0560091812199,
        604.3853349042199,
        605.5169245542199,
        595.64082415722
      ],
      "memory_usage_byte": [
        8475586560,
        8557289472,
        8557289472,
        8557289472
      ],
      "exit_codes": [
        0,
        0,
        0,
        0
      ],
      "parameters": {
        "form": "tform -w16"
      }
    },
    {
      "command": "tform -w24",
      "mean": 580.16992132897,
      "stddev": 4.455448954034025,
      "median": 581.62118154822,
      "user": 2663.27742925,
      "system": 116.98377837999999,
      "min": 573.9507277092199,
      "max": 583.4865945102199,
      "times": [
        583.4865945102199,
        573.9507277092199,
        583.30375003522,
        579.9386130612199
      ],
      "memory_usage_byte": [
        9165172736,
        9173889024,
        9176649728,
        9176649728
      ],
      "exit_codes": [
        0,
        0,
        0,
        0
      ],
      "parameters": {
        "form": "tform -w24"
      }
    },
    {
      "command": "tform -w32",
      "mean": 568.4827988109699,
      "stddev": 6.926849071365381,
      "median": 569.8734080532199,
      "user": 2782.8161665,
      "system": 158.59788487999998,
      "min": 558.96558611322,
      "max": 575.21879302422,
      "times": [
        558.96558611322,
        571.30957838922,
        568.43723771722,
        575.21879302422
      ],
      "memory_usage_byte": [
        9875779584,
        9875779584,
        9875779584,
        9875779584
      ],
      "exit_codes": [
        0,
        0,
        0,
        0
      ],
      "parameters": {
        "form": "tform -w32"
      }
    },
    {
      "command": "tform -w48",
      "mean": 549.5796121809699,
      "stddev": 2.5935191707419727,
      "median": 549.7566961657199,
      "user": 2947.626389,
      "system": 279.66038713,
      "min": 546.4617739282199,
      "max": 552.34328246422,
      "times": [
        550.9309020222199,
        546.4617739282199,
        548.5824903092199,
        552.34328246422
      ],
      "memory_usage_byte": [
        11030683648,
        11030683648,
        11047342080,
        11047342080
      ],
      "exit_codes": [
        0,
        0,
        0,
        0
      ],
      "parameters": {
        "form": "tform -w48"
      }
    },
    {
      "command": "tform -w64",
      "mean": 552.8511645169699,
      "stddev": 4.8691978437507695,
      "median": 553.29329546872,
      "user": 3120.2140600000002,
      "system": 825.08253588,
      "min": 546.9365373982199,
      "max": 557.88152973222,
      "times": [
        555.57900271322,
        551.00758822422,
        546.9365373982199,
        557.88152973222
      ],
      "memory_usage_byte": [
        12101754880,
        12248432640,
        12248432640,
        12289392640
      ],
      "exit_codes": [
        0,
        0,
        0,
        0
      ],
      "parameters": {
        "form": "tform -w64"
      }
    }
  ]
}
