{
  "results": [
    {
      "command": "form",
      "mean": 2747.94751644993,
      "stddev": 7.768957394019494,
      "median": 2744.73027045218,
      "user": 2720.61120167,
      "system": 15.906411639999998,
      "min": 2742.8814044106803,
      "max": 2759.44812048468,
      "times": [
        2745.83466372268,
        2743.62587718168,
        2742.8814044106803,
        2759.44812048468
      ],
      "memory_usage_byte": [
        9210273792,
        9212788736,
        9212788736,
        9212788736
      ],
      "exit_codes": [
        0,
        0,
        0,
        0
      ],
      "parameters": {
        "form": "form"
      }
    }
  ]
}
